{"camera_data": {}, "objects": [{"class": "cube", "location": [15.095344533155819, 0.2660628973767517, 22.530053896844688], "quaternion_xyzw": [0.18227649041602598, 0.04934291760315656, -0.9817752259907832, 0.02140007370948582], "projected_cuboid": [[307.1041178940032, 151.0013174720912], [408.5361692087185, 151.78343789059073], [413.0444123762924, 113.87578270804565], [311.16491587227335, 107.4713397332909], [422.2862090448291, 176.0608761857697], [540.0517479120001, 172.77491207145354], [547.9113700710176, 121.39076635649437], [429.95761199377574, 113.7704451441907], [416.56163023539676, 137.5420165794901]]}]}