{"camera_data": {}, "objects": [{"class": "cube2", "location": [27.154697974429435, -0.997901140056567, 52.99139694196677], "quaternion_xyzw": [-0.7947728065349378, 0.3299259879216535, 0.14291117001046777, 0.4889390820672231], "projected_cuboid": [[410.63928608817633, 140.7071120897725], [339.11013636998416, 164.9669985460384], [331.91955838737715, 160.03429876971853], [405.71129218531337, 134.1501019867736], [388.6752986791081, 93.46041305717283], [323.8938984582667, 120.55559915607577], [316.641491210236, 114.3516773113991], [383.2382750821202, 85.50416666276843], [360.4042642963097, 126.62203868837062]]}]}