{"camera_data": {}, "objects": [{"class": "cube2", "location": [1.5130111086558138, -0.1701715148033665, 34.43012714019527], "quaternion_xyzw": [-0.7145631713539141, 0.20913274384977337, 0.26509052137062883, 0.6126907744318908], "projected_cuboid": [[242.64255854706062, 179.58035520536095], [160.09097090069363, 169.50052153654943], [140.45313635806443, 167.00330053311785], [225.18407053295905, 177.3279700076585], [251.5685664312757, 92.70097757649484], [169.40177730674628, 96.92538619590539], [150.80570012973956, 89.97394095822821], [235.2775259218371, 83.9866784701604], [193.43907190238997, 131.5718749212176]]}]}