{"camera_data": {}, "objects": [{"class": "cube", "location": [31.913387971763786, 25.73530968691932, 56.476520948822525], "quaternion_xyzw": [-0.15298077062270793, 0.6431071632054818, 0.6934043455075896, 0.2867062505155258], "projected_cuboid": [[376.5490028860387, 340.07953505009186], [404.77830203377994, 307.413575978652], [385.41211513632516, 300.39187508932173], [356.37964983165506, 330.8944789306097], [371.8032793855453, 290.2453807637512], [401.0041021613274, 262.02819441843553], [381.4645023105551, 256.71096735999504], [351.47021647655356, 283.1047954364682], [379.16371106221914, 295.7331814550661]]}]}