{"camera_data": {}, "objects": [{"class": "cube", "location": [0.1589844152188622, 1.689933166924928, 8.604195709174059], "quaternion_xyzw": [0.05282760116375954, -0.016902225470716896, 0.020022316259901963, 0.9982598189755051], "projected_cuboid": [[321.67837771604394, 132.36784935648646], [35.199094206666274, 121.22294095203692], [35.2130442714718, 206.12452728182342], [314.7188998747843, 214.64089797169632], [587.0672553253723, 195.78839153776647], [-207.89382984808475, 169.2980434291801], [-191.26594244747156, 397.45195369375404], [552.1604195197683, 405.7869999568003], [184.3629695848501, 203.33097448585778]]}, {"class": "cube1", "location": [4.6003294019131635, 0.8688091211180953, 13.623073424546993], "quaternion_xyzw": [0.6917712576098072, 0.5644409677020806, -0.33436851325224887, 0.30175589218765103], "projected_cuboid": [[343.5262217819545, 175.86891863356902], [223.31248910688154, 17.626292117927022], [291.52860025670657, 5.924199204152686], [484.9301260898241, 148.66529586843416], [306.6026597990725, 348.99064661463024], [229.88959243203357, 158.7638285340834], [281.9123411871991, 148.9886483832371], [392.5566000021179, 330.7992749116562], [298.1255313996986, 156.0619722889078]]}]}