{"camera_data": {}, "objects": [{"class": "cube2", "location": [20.099606898499932, 30.810261991578276, 62.66205435872347], "quaternion_xyzw": [-0.7823173245814296, 0.5852182787787867, -0.21091689693585616, 0.031831312098280835], "projected_cuboid": [[318.4524844548863, 284.49941527401177], [311.66279566326347, 349.209893374996], [296.86043828926677, 346.71448567826485], [304.4724626719348, 281.1665082276057], [288.1021478576414, 276.6198448854894], [280.70772970642173, 333.7683095415306], [267.14925436038806, 331.34129069148025], [275.23107445797814, 273.54280357730653], [292.09379634703816, 308.56593861457895]]}]}