{"camera_data": {}, "objects": [{"class": "cube", "location": [34.43898415491335, 4.031678494937812, 38.91780770949714], "quaternion_xyzw": [0.35328022676204296, -0.5876857792088759, -0.6069089523545286, 0.4018457786844906], "projected_cuboid": [[446.76351068098717, 144.7534472293053], [490.5717230212378, 230.83563038027145], [469.34560783268137, 223.98381664419577], [428.97023888271724, 144.27609081452508], [518.8894271635857, 112.16429977406335], [564.1118006582296, 198.9739954221941], [537.1259585491098, 194.42599896417892], [495.5437482520598, 114.09512725075267], [493.1519475935268, 170.25333226784375]]}, {"class": "cube1", "location": [33.97756540095075, 4.068359919526703, 38.161382883749916], "quaternion_xyzw": [0.3421045019901019, -0.5905820810756576, -0.616524068739322, 0.39252437872769336], "projected_cuboid": [[446.65662278663416, 147.32027652538562], [494.13403703560937, 233.64819460843268], [472.4686547403245, 226.25018934269988], [428.7539496795461, 146.43074855488902], [519.6474916679593, 111.72484228509424], [568.6857111792585, 198.94616773563496], [541.0270002804277, 194.0938702383371], [495.9846276462392, 113.51151414700948], [495.0940243425952, 171.3277182783722]]}]}