{"camera_data": {}, "objects": [{"class": "cube", "location": [7.80582808944373, 0.9789047892888146, 8.784804963048794], "quaternion_xyzw": [0.24816394492989247, -0.9217940976330427, 0.0037256037517781533, 0.29781943838910657], "projected_cuboid": [[302.3478655932927, -9.952215236929703], [1559.587023105095, 319.5842908958569], [1195.073799402648, 610.530143970117], [238.02460181173103, 108.01265293459656], [352.9968504205865, 84.71950283285047], [732.6147617422077, 233.44840756839088], [656.4359000276969, 327.35446207587114], [315.39185416308885, 148.41197292147507], [494.4507615669431, 173.04631405972341]]}, {"class": "cube1", "location": [11.182644794686382, 0.5635093161469613, 13.423197201451195], "quaternion_xyzw": [0.5825789379917901, -0.10592749613441238, -0.576298392738916, 0.5632595397306595], "projected_cuboid": [[471.06949771885786, -30.756001492196788], [302.29702659634575, 194.98587194388972], [316.9297575756276, 167.4481656587298], [461.6477030169004, -29.496292213867548], [827.1823003049417, 105.49472414458361], [486.96052026990344, 315.84284435138926], [477.0680586549684, 266.76359889671176], [737.4509029449835, 77.12079042154076], [474.67949898519134, 148.294631751749]]}]}