{"camera_data": {}, "objects": [{"class": "cube", "location": [2.903010879242311, 0.7726632277731311, 9.4353263821811], "quaternion_xyzw": [-0.12000450874480048, 0.9337160022820976, 0.03787758359719044, 0.335169559512935], "projected_cuboid": [[402.8956643692063, 13.757219775387682], [532.0005894942406, 167.66110243307705], [505.02490047781697, 276.6776726231303], [320.4517182599347, 340.70074864882696], [66.55304913177585, 46.637205167885895], [280.79782102229046, 126.73400318403033], [263.9832102966484, 192.72540761155526], [37.63280398713593, 157.2653747205514], [287.42960960411483, 162.51818376430631]]}, {"class": "cube2", "location": [23.665630783980777, 4.95478903479855, 23.37202238043285], "quaternion_xyzw": [0.320326039724999, -0.46416111542689065, -0.28062552507859995, 0.7766562958440001], "projected_cuboid": [[473.63048120224056, 125.02081386331017], [480.02774329852065, 247.41081561433214], [456.84193800084563, 265.55118052427827], [455.32879953938567, 149.44518127957153], [619.6560489682527, 152.7688612143616], [670.8109654554678, 303.1817629314061], [622.9842486440466, 317.68399490130133], [586.3939354248959, 177.50367730860958], [538.6437620162112, 208.8865623200156]]}]}