{"camera_data": {}, "objects": [{"class": "cube2", "location": [18.75452157161206, 13.606285215045725, 39.95412031321467], "quaternion_xyzw": [0.010337175352269575, -0.4430169551082331, -0.5686122616297514, 0.6930434446819804], "projected_cuboid": [[296.6894950749377, 221.5806626624838], [318.86368920467044, 308.9773327045844], [334.1458482469452, 311.58136734955656], [310.7246348547005, 226.78728533274398], [356.09559511620125, 197.26302163056417], [392.0688241666014, 292.9033965466232], [406.2303122633287, 296.57388904729964], [369.5459902231495, 203.99682822972954], [345.0672350891141, 254.7007625666991]]}]}