{"camera_data": {}, "objects": [{"class": "cube", "location": [15.814046262221803, 8.707213766476153, 20.893703638085164], "quaternion_xyzw": [0.39922912956253387, 0.24544483247898102, -0.8763569900296843, 0.1112266260578758], "projected_cuboid": [[345.68287667081586, 275.3090581249195], [384.81753829293245, 236.1178860314987], [408.6847485957312, 205.48382375537585], [376.9737928605879, 234.54684022653421], [514.1284461135108, 412.83231636455605], [505.5146216585079, 320.7427920472401], [539.9102041843854, 287.792267022809], [567.1973892764491, 369.1458267693153], [447.52173863101166, 281.85435637953117]]}, {"class": "cube1", "location": [9.652624691480707, 2.1308254604427885, 17.236558087339972], "quaternion_xyzw": [-0.4094048713699321, 0.1750429488356889, -0.8814452262079939, 0.15748628688433183], "projected_cuboid": [[320.7381193832988, 142.99974856871296], [506.0457354643864, 235.18189772573874], [542.7272519086463, 183.01951609328916], [335.5739410040304, 100.99165937483872], [239.68646190617815, 172.70515958456284], [454.169929581513, 317.832801630953], [500.9134944681455, 252.43798181535533], [252.53583100050218, 121.33542292656008], [377.35870172018383, 177.39099927889887]]}, {"class": "cube2", "location": [9.824277804393768, 4.369310471185569, 34.659649912058946], "quaternion_xyzw": [-0.7174869818983326, 0.03036900020968793, -0.031161072260720814, 0.6952115808933622], "projected_cuboid": [[327.60253460127126, 212.08375666380317], [229.14092020879662, 220.73662813818163], [233.7966820797479, 227.6526433830627], [341.18862948571905, 218.20945004490198], [319.7358228045716, 133.32533879964734], [221.95112529011993, 141.86419142300332], [225.92379571294646, 141.6202372174321], [332.5109694505261, 132.31264903786234], [278.7962087119429, 178.2608991912514]]}]}