{"camera_data": {}, "objects": [{"class": "cube2", "location": [23.849945059618957, 21.01800120175975, 55.522611780532095], "quaternion_xyzw": [-0.34235350343728194, 0.6935110806972481, -0.6003011262518895, 0.2036541613988458], "projected_cuboid": [[325.4812125039711, 224.7606046375601], [372.6928470910615, 273.02572311751044], [378.8129355623535, 281.6764402177338], [328.90207701119266, 230.5947892396846], [287.6574688140445, 256.13869965753264], [332.71977416564823, 303.78293099679166], [336.51206979094775, 313.837671442608], [288.99381479044183, 263.4567265460664], [330.86595477954756, 268.2438113304602]]}]}