{"camera_data": {}, "objects": [{"class": "cube2", "location": [44.31000688571597, 22.624985870992464, 62.400740721834666], "quaternion_xyzw": [-0.11185851229402242, -0.7092962713888789, 0.6894689695678454, 0.09496848226783279], "projected_cuboid": [[392.2913766152167, 246.44194721873933], [445.0298666267486, 229.9353141657757], [458.67854490795963, 235.11854427157124], [403.37833280418454, 252.4573945321055], [404.3408923058067, 288.6740298626986], [456.8372271768151, 272.1031146335944], [471.00923895035135, 279.333366134613], [415.9752773989232, 296.7428088968197], [430.84519233065805, 262.5512477749865]]}]}