{"camera_data": {}, "objects": [{"class": "cube", "location": [10.188374974083267, 2.0634284850390356, 15.502888550209873], "quaternion_xyzw": [0.19772790992504874, 0.05111342916582708, -0.8642697967412528, 0.4597051331412511], "projected_cuboid": [[288.1504357956232, 90.96759407577444], [352.51021993808547, 230.41412557474996], [391.19648748662235, 200.35271466825725], [336.5366254773181, 56.427137298853964], [457.31622585666804, 138.08964993993857], [508.05856843076026, 339.0683156844982], [563.9904443924759, 290.9840801518348], [536.3395820930498, 76.98816162033731], [411.993719202948, 180.76855695008248]]}, {"class": "cube", "location": [6.101448171138237, 2.599659025466428, 38.59723975182612], "quaternion_xyzw": [-0.04442641085632546, 0.7407207377466026, 0.6698198257160036, 0.02646665389383476], "projected_cuboid": [[189.57622720443226, 195.12061752878634], [284.5521081624449, 196.38936281496632], [273.96282736498176, 194.3554940715468], [185.9186844796913, 193.13166708900147], [190.88178043835578, 117.17290347820493], [283.7992201486445, 120.43909952561289], [273.4738664532747, 123.94947607299426], [187.2013904628568, 121.01247403746518], [234.1157011191022, 157.33737086381808]]}, {"class": "cube2", "location": [4.89580194859248, 4.739713602341382, 13.43576156080589], "quaternion_xyzw": [-0.38505734623533966, 0.5781528576614345, 0.36097319160573194, 0.622228630191577], "projected_cuboid": [[520.9070860858146, 448.69998622597177], [323.9030212073836, 279.32103709191017], [273.5929359314682, 306.4215287865305], [415.8251020753846, 511.31597547195474], [382.4950513812231, 154.9234790420448], [257.6261762292497, 142.43378849399681], [205.8676083115767, 168.55573336101588], [270.71497957248994, 213.04129992842783], [307.6408606244397, 259.0561110668703]]}]}