{"camera_data": {}, "objects": [{"class": "cube", "location": [1857217354983.0046, 2090236799902.8042, 3222544401780.3833], "quaternion_xyzw": [0.5345323111287342, 0.27248309829131384, 0.6960083920791494, 0.394462276599851], "projected_cuboid": [[383.171884745751, 364.4976177483438], [383.171884746218, 364.4976177477939], [383.17188474597936, 364.49761774744235], [383.17188474551233, 364.4976177479922], [383.1718847450453, 364.49761774854204], [383.17188474551233, 364.4976177479922], [383.17188474527364, 364.49761774764056], [383.1718847448067, 364.4976177481904], [383.17188474551233, 364.4976177479922]]}, {"class": "cube", "location": [36.10297270565805, 4.63437173304624, 39.316942520918666], "quaternion_xyzw": [-0.1916030191331768, -0.2108176777399653, -0.6501381513800031, 0.704389504416109], "projected_cuboid": [[450.5749698490973, 153.06505793181933], [482.016883009048, 230.29918983483122], [508.5994554559021, 232.44259105768208], [473.96887446563613, 154.9720552775236], [501.3522838947164, 116.39182927042184], [547.480648988181, 203.174802823413], [579.3974496323845, 205.7605797179806], [528.7803672083296, 118.64095076142881], [505.03359939487325, 175.34165053042125]]}, {"class": "cube1", "location": [10.030469240084416, -1.1788021953562189, 9.988682775166545], "quaternion_xyzw": [0.47605934429421, -0.8619990302985467, 0.1681997413520827, 0.04510010513983583], "projected_cuboid": [[584.9044956043449, -199.36757924950135], [1121.1884932912706, 184.83067030472216], [1079.5409066912696, 305.18846642344954], [500.93707362743874, -160.0087966477723], [369.6712102431352, 25.990686240613215], [554.5934984483056, 228.31982111880754], [504.17079757621207, 277.1010676715466], [318.07500368495255, 56.50918796451107], [535.6575771438418, 91.27453398220658]]}, {"class": "cube1", "location": [34.76220793265434, 4.619818248490001, 38.50725380613444], "quaternion_xyzw": [0.48665053024403443, -0.6354665265768016, -0.5297660507280055, 0.28053785218695093], "projected_cuboid": [[480.8971607861928, 150.50625804688866], [503.54984549509817, 238.54909628789466], [471.5181076226239, 230.06130311666925], [449.2168555891148, 148.23993590872612], [529.123803918175, 118.97556375879574], [548.5029840789771, 203.22514442084417], [515.1440138130429, 197.5902545436665], [495.81331544453633, 119.05958526723211], [499.5058532935025, 176.09026169641683]]}]}