{"camera_data": {}, "objects": [{"class": "cube2", "location": [28.642423041297373, 31.190382734793594, 56.50383670876498], "quaternion_xyzw": [0.09909216575945107, -0.5560326782113164, 0.767881514946993, 0.3022687255555282], "projected_cuboid": [[321.1795292432853, 304.64823651594935], [383.66354105480826, 297.1510330647367], [381.3862259407682, 300.4196153630377], [316.5759306922653, 307.94887336098157], [337.19294869997395, 357.49695239562556], [404.493588312823, 354.3926412004181], [403.05293228767795, 360.49693013192075], [333.0300241200314, 363.20316890949994], [358.43526791224895, 330.0616706348595]]}]}