{"camera_data": {}, "objects": [{"class": "cube", "location": [25.56523232371241, 10.603159709151441, 40.37936542457174], "quaternion_xyzw": [0.20062259820577608, 0.6835941869630087, 0.6816899415441395, 0.16657846270480028], "projected_cuboid": [[389.3272055384697, 284.70332660637047], [471.62614361664527, 240.19566919201827], [451.66674368061956, 232.24150401026066], [375.4503479380825, 273.66382894468546], [352.18871492642177, 221.26378764839126], [433.79163837228674, 176.14479938373887], [416.60819689736485, 172.81528508862087], [340.99078992158786, 214.7641273224517], [403.41690425324805, 226.91698101384898]]}, {"class": "cube1", "location": [34023.57992159431, 17401.614168429634, 71635.62898658463], "quaternion_xyzw": [-0.1550934349827101, -0.3328013163499206, 0.6506593833152096, -0.6647042027585617], "projected_cuboid": [[347.04163398925374, 219.8742580698144], [347.02980420289305, 219.90436837802497], [347.0458642847043, 219.90676091531492], [347.0576928194915, 219.87664958058164], [347.04586428470446, 219.90676091531492], [347.0340353631782, 219.93687323455129], [347.05009494147987, 219.93926653700112], [347.06192261150665, 219.90915319115385], [347.0458642847044, 219.90676091531492]]}]}