{"camera_data": {}, "objects": [{"class": "cube2", "location": [35.94941476272745, 0.8056526340257597, 72.80320957837752], "quaternion_xyzw": [-0.7888301182492446, 0.4749847012064642, -0.10977936814277069, 0.3742793989693566], "projected_cuboid": [[389.56969434121413, 128.23093335570263], [358.2236308712115, 169.5349181903731], [353.39849078440204, 166.50541082190543], [385.57515673203795, 123.85545621881676], [354.0910852773627, 110.29814676610549], [325.8294265888966, 149.05908267478122], [320.46537470042085, 145.68743464602716], [349.39419346246905, 105.74578306338469], [353.75864534792674, 137.27719307157383]]}, {"class": "cube2", "location": [4.769052800195111, 4.852688025467711, 20.278502184713897], "quaternion_xyzw": [0.2706189140792658, 0.34817684390527653, -0.6884023707229455, 0.5758823358063242], "projected_cuboid": [[223.65529918349506, 111.09316612113172], [235.69289665078765, 197.75380128207087], [276.63293922055664, 195.1577463675469], [281.2945558106902, 105.07418163144514], [233.72901832218986, 262.0797040941697], [244.8973401346481, 314.83304473359453], [295.38346708834626, 314.3910080539768], [312.2834152550065, 259.4533572464461], [261.5925197657329, 218.61794053792872]]}]}