{"camera_data": {}, "objects": [{"class": "cube", "location": [7.743534937305136, 9.114052502358035, 15.844286308625602], "quaternion_xyzw": [0.19476764679126116, -0.05016067981936349, -0.9492413894554499, 0.24184758528490766], "projected_cuboid": [[207.74529585103363, 297.0188615337976], [340.02221718975363, 351.4186166609452], [357.56813112466193, 302.06702660205156], [232.80314649908613, 239.94522770757092], [340.0537570104394, 415.2353966085341], [510.20219306941885, 469.01443560585005], [530.0257613901688, 389.3584214141531], [375.2801199610851, 312.7673459228594], [351.9547497551201, 338.33764727469986]]}, {"class": "cube2", "location": [30.233649999307328, -0.5148584491628031, 53.425776187881524], "quaternion_xyzw": [-0.6824090001440841, 0.5142335978999951, -0.42763007978691275, 0.29498182685483537], "projected_cuboid": [[407.5956113390948, 100.56085616763647], [412.81408256689065, 164.87026993730512], [415.1309473136275, 160.0062357202215], [409.531958633802, 92.8181744755631], [349.33473355746355, 104.47488515842076], [351.2428859023813, 164.68825529079984], [350.4394567055781, 160.15593690360916], [348.48490720214255, 97.42527552720884], [379.4582717104566, 129.8988520075607]]}, {"class": "cube2", "location": [5.026730195537286, 6.523848793073865, 11.56977202825362], "quaternion_xyzw": [0.3743557345020236, -0.6183781989954932, 0.3667241080431421, 0.5856446154729866], "projected_cuboid": [[273.3093663847263, 179.21971970955283], [440.7418341003587, 269.21168409256916], [292.86189254571326, 345.7998582928437], [215.24893788659026, 208.8014008202021], [347.7284597813059, 329.9160330378752], [615.9213516205856, 637.1919562019474], [477.1362594332243, 712.1497801381212], [291.1210785930005, 359.26731812793753], [332.6184077190551, 334.29038045275365]]}]}