{"camera_data": {}, "objects": [{"class": "cube2", "location": [7.799448379885133, 6.24503030545567, 19.645682252843677], "quaternion_xyzw": [0.8286944888068352, -0.048755934934319387, 0.5554709611557482, 0.048376795497092555], "projected_cuboid": [[390.40917144928187, 244.0464154743445], [436.4400037973281, 327.28190397534337], [424.3289911835391, 247.97513718472587], [383.37135190865365, 197.21364222968316], [263.992928592825, 245.91215793156965], [230.65156335915205, 314.92397953393265], [221.72117053771672, 250.15658709510583], [258.161752796679, 204.5610501110902], [319.266207972212, 246.62333685645478]]}]}