{"camera_data": {}, "objects": [{"class": "cube1", "location": [8.690532577540484, 4.773937437804131, 11.760988704452911], "quaternion_xyzw": [-0.6125371082242448, 0.07474860462806786, -0.5331182616222415, 0.5787882654989784], "projected_cuboid": [[453.9027881633675, 223.35617478564302], [459.8887099375168, 497.71679468971206], [601.2277061541731, 557.6509806313289], [538.5068624732667, 214.45451448892553], [347.17169046274216, 113.88936453094077], [288.36916306671736, 377.6673373391734], [409.641770596704, 412.6056872725884], [424.45595539268004, 82.83102903270466], [441.123770788526, 277.9961930502135]]}, {"class": "cube2", "location": [32.37244446152365, 29.7581349182787, 55.24123157800523], "quaternion_xyzw": [-0.5845715523650972, 0.43954474819549016, -0.5994143704912871, 0.3252367244758159], "projected_cuboid": [[397.3604036318919, 287.46380914610893], [421.051748399295, 358.6273256357221], [431.3284111240607, 362.1847199464139], [405.7131648628898, 287.2774545726402], [347.56166211328616, 293.0969543088345], [367.24169765849933, 363.9613636969991], [374.5964335452755, 367.75930772280356], [353.42132399817035, 293.1850778675845], [386.62865207387705, 325.317985665988]]}]}