{"camera_data": {}, "objects": [{"class": "cube1", "location": [7424562.916777825, 5914741.18468932, 10061130.927958203], "quaternion_xyzw": [0.030498942249489115, -0.4817124684053808, 0.47468917391370374, -0.7359980302103957], "projected_cuboid": [[440.7733324471482, 342.8471526999354], [440.7731244681312, 342.84726898882616], [440.7732349826152, 342.84735854287925], [440.77344296163716, 342.84724225392165], [440.77323498261507, 342.84735854287925], [440.7730270036148, 342.84747483182474], [440.7731375180437, 342.847564385904], [440.773345497049, 342.8474480968917], [440.7732349826151, 342.84735854287925]]}, {"class": "cube2", "location": [43.39928844726755, 18.042162504531284, 58.86393067193016], "quaternion_xyzw": [-0.6138751725708651, 0.3797674102429976, -0.29981165652416786, 0.6237362882105318], "projected_cuboid": [[473.86912201527053, 228.2788667474402], [437.50120747135907, 275.9499709645944], [449.20118700664074, 284.544923491117], [487.69972985155846, 234.52711045556433], [432.19879455925405, 202.17455461671892], [396.7528149585538, 250.03423586430628], [406.2934296207435, 257.24914802294325], [443.76922906463017, 207.02119872822072], [440.5367205078064, 242.56875432449215]]}]}