{"camera_data": {}, "objects": [{"class": "cube", "location": [28.478896317532033, -7.155105394245739, 43.18309901961602], "quaternion_xyzw": [-0.5237451665224445, -0.2807533084728055, -0.3786794692995537, 0.7095565092767164], "projected_cuboid": [[395.4181073087672, 98.55029282334021], [389.3584688394718, 112.89147051260282], [420.3232710190813, 116.51462786732534], [421.4068420030081, 101.08722651579586], [406.4580601815397, 38.543887662690025], [402.29231488244204, 41.46564410310212], [435.76412844805463, 42.26400387710885], [434.187204626654, 39.098847258052416], [412.8132996789884, 74.28245187205168]]}, {"class": "cube", "location": [6.9659223316035375, 5.0395837031941975, 11.56205127313707], "quaternion_xyzw": [-0.4685259472005444, -0.3655645733285414, -0.6574619908281556, 0.46323828656883764], "projected_cuboid": [[300.15936347958876, 293.15252888123626], [507.69919530994997, 606.8347387987421], [628.622352022567, 558.1908556595421], [357.0624301124585, 273.42111942781855], [266.8069761445097, 145.21155266046057], [504.8662290014258, 337.04440299159535], [675.84923548406, 274.92884914545994], [332.7941107740437, 123.79460345162069], [392.49550054159477, 288.67355748688175]]}, {"class": "cube2", "location": [14.723206950629807, 3.267698869710528, 38.09280168382651], "quaternion_xyzw": [-0.6402409067539504, 0.11636006342270659, 0.08813431753871977, 0.7541778696243528], "projected_cuboid": [[363.73989856850596, 196.77118089150682], [268.74935159789754, 193.74696638399354], [267.6267831576262, 202.71550982736318], [370.0413467078738, 206.70044981662957], [365.0514851416664, 123.77616870179291], [267.0830141933193, 125.87810924158731], [265.7977975968857, 130.00818107655255], [371.68329420176235, 128.07808802110574], [315.5252558858, 163.9052922841518]]}]}