{"camera_data": {}, "objects": [{"class": "cube", "location": [12.812226002424543, 1.2945897392520274, 32.9302718717753], "quaternion_xyzw": [0.05137379666028962, 0.13026148602639553, -0.5975528129009369, 0.7895082735912781], "projected_cuboid": [[310.24486565021857, 85.9722081237806], [277.4974119269579, 176.01477418821463], [305.0106866328593, 184.16110905899578], [340.04561234031087, 94.16433689207358], [332.0223672530666, 97.13738778369596], [289.1266786967937, 208.8693586266166], [323.70266929786175, 219.32390653268305], [370.2865321268526, 107.69798938082404], [316.43849114744387, 147.34407094690388]]}, {"class": "cube", "location": [28.913518804093204, 11.149065558221524, 35.98541827769138], "quaternion_xyzw": [-0.026778145129824477, 0.6089713341967622, 0.7883372303785078, 0.08343414330575241], "projected_cuboid": [[427.9860525440877, 295.56588939815845], [514.7460184164938, 279.42356867836486], [485.59750291452207, 262.0579414542956], [404.31945957588994, 276.3114631858301], [438.497378926968, 221.8932368253407], [530.0223672789793, 207.8767817534573], [498.0795626914796, 195.07700335712565], [412.6225982941202, 207.45081523368697], [464.12867582602604, 243.75036547068663]]}, {"class": "cube1", "location": [8.461588325566545, 2.4633085911655384, 14.5115461389515], "quaternion_xyzw": [-0.032544743044929644, -0.8610353767229566, -0.26343547278965385, 0.43377490868858165], "projected_cuboid": [[223.19066035721286, 183.99915636746317], [538.9957614040309, 307.49229977530695], [522.3029241993696, 381.6427916084359], [237.65342745242796, 234.13423696138676], [320.2031511840438, 104.01121959145539], [595.6724831985118, 136.5910845741929], [578.4082317645143, 205.502147186592], [326.06161104353873, 149.7277526983628], [385.58582474318143, 193.82969970187048]]}]}