{"camera_data": {}, "objects": [{"class": "cube", "location": [11.914109447601506, 16.27228046170328, 45.05867156720374], "quaternion_xyzw": [0.2047817888852758, -0.7794878826123277, -0.5915296858978772, 0.023573088534495218], "projected_cuboid": [[235.05857601262298, 286.96156328174874], [307.331217209912, 308.1475733043628], [292.77700593486827, 302.5863078676926], [224.39577349955704, 282.48086313417207], [250.08184902359716, 219.215551193642], [317.9130514282888, 242.33120991536373], [303.46649560099445, 240.82283175355593], [239.06546215204656, 219.02663208890743], [272.0117194464406, 262.03797001542847]]}, {"class": "cube2", "location": [10.52067652385367, 14.40171428136022, 41.50863455500962], "quaternion_xyzw": [-0.7732306635026032, 0.6005559737721288, -0.12626725597188523, 0.15969797573940914], "projected_cuboid": [[313.41363186309263, 228.595740982216], [290.64457121535315, 318.5710569082685], [268.75391085478094, 317.98323254824123], [292.2740511112353, 225.12060939194484], [267.58153618869386, 207.3988639446336], [248.42871475602723, 282.93143884013386], [229.00929898861187, 281.4839542886914], [248.69074982048156, 203.92704031548573], [268.10722987591026, 256.9849784874803]]}]}