{"camera_data": {}, "objects": [{"class": "cube", "location": [8.884896469294388, 11.272553140347995, 20.247833234596015], "quaternion_xyzw": [0.1329404623766986, 0.5267425894464755, 0.8005590832500129, 0.25293127950530436], "projected_cuboid": [[301.2384394082584, 442.6514624978852], [441.49336007867595, 341.2406491809507], [398.8210403116983, 302.67687370978433], [274.24110308147783, 391.13495210044687], [244.57354401862955, 372.02309113552406], [412.8176677317073, 253.79116445759382], [367.10539740193633, 220.78456648005198], [220.94088514931954, 321.7285965047333], [334.1638139475298, 331.7453136219359]]}]}