{"camera_data": {}, "objects": [{"class": "cube", "location": [8.470497145337413, 3.2146418266582604, 11.241847463773205], "quaternion_xyzw": [-0.5030404246605262, 0.13284750966177958, -0.6842261437935524, 0.5110151215800033], "projected_cuboid": [[411.2555178430707, 155.34629522419573], [515.9578166320758, 427.44150285259775], [657.3710644511469, 442.65231551822126], [485.07634850933965, 126.48107120888257], [298.2585204078297, 89.75562774936823], [371.70521638980773, 444.54963218417527], [551.9824068276755, 476.102481633721], [375.2183224081996, 39.065374660385416], [446.30935816893185, 235.24386293893218]]}]}