{"camera_data": {}, "objects": [{"class": "cube", "location": [25.38950685013334, 12.143968091973559, 33.2839592966011], "quaternion_xyzw": [-0.27945311619742025, -0.6686698250816587, -0.14244924927690983, 0.6741623189212371], "projected_cuboid": [[378.74255477978886, 264.8018567366211], [439.8754852886576, 287.3831903209582], [466.8106154486947, 321.25368564480175], [397.76301342098407, 289.52443046924895], [437.24750217441886, 221.6052134863662], [517.4173557320116, 229.18417537391917], [545.4998238233879, 261.4225425881331], [456.924538144992, 245.43267280780742], [449.63660488191607, 263.3651981254088]]}]}