{"camera_data": {}, "objects": [{"class": "cube", "location": [28894976387.01093, 15792957173.448675, 67742758766.91435], "quaternion_xyzw": [0.22685873198530027, -0.588635200491785, 0.006268257174133677, 0.7758894414902272], "projected_cuboid": [[329.79178953547245, 216.41873699729126], [329.7917895398858, 216.41873702206803], [329.7917895331969, 216.41873703495688], [329.79178952878357, 216.4187370101801], [329.7917895774604, 216.41873701442051], [329.79178958187373, 216.4187370391973], [329.79178957518485, 216.41873705208616], [329.79178957077147, 216.41873702730936], [329.79178955532865, 216.4187370246887]]}, {"class": "cube", "location": [29.040505207573517, 11.403878683999354, 38.20732432841802], "quaternion_xyzw": [0.33390168204292403, -0.3993905967978055, -0.7378850258673877, 0.4295608298240002], "projected_cuboid": [[394.6163006771017, 213.83955120982756], [423.2308546548055, 292.1040378984314], [417.2303588222718, 274.2691421958994], [390.24719232192126, 200.41427918858795], [487.2259528130332, 197.29692772625373], [514.8983998856145, 284.2606202257647], [502.05668682457446, 265.26210145034895], [475.8332772873235, 183.71730230803507], [448.6607449998808, 239.70601775058037]]}, {"class": "cube1", "location": [20442858.663989644, 8254187.661908435, 22263177.318224482], "quaternion_xyzw": [0.5152843316279564, -0.6555188147084566, -0.5344218860517805, 0.13845717334543517], "projected_cuboid": [[505.0270100339444, 265.4663495448095], [505.0270246936734, 265.4664594637506], [505.0269621688104, 265.466439537583], [505.0269475090727, 265.4663296186511], [505.02705789908515, 265.46625955202336], [505.02707255880415, 265.46636947096397], [505.02701003394446, 265.4663495448095], [505.02699537421677, 265.466239625878], [505.0270100339444, 265.4663495448095]]}]}