{"camera_data": {}, "objects": [{"class": "cube", "location": [22.30512176885455, 13.884158249697288, 36.13752555734341], "quaternion_xyzw": [0.10098083422078083, -0.6027313891001879, -0.7907532927911163, 0.03502818370170483], "projected_cuboid": [[347.3494539480537, 307.7598214774541], [437.8056644939795, 319.5060090609197], [416.8744646493884, 298.4208942628019], [332.6284782440073, 286.9133586937761], [375.1151802046591, 236.92412952691313], [469.96242107654206, 251.79216703073521], [445.39732568471584, 234.808827788867], [357.3426678791987, 220.57677595912833], [397.7512663089561, 270.2591370637333]]}, {"class": "cube2", "location": [18.799983555694098, 11.131257654604255, 29.670922189994968], "quaternion_xyzw": [0.15576827023626363, -0.44970224396470415, -0.2226227639280934, 0.85084854277464], "projected_cuboid": [[358.7010638034502, 205.33727581120445], [340.27302306519994, 290.24973623209536], [341.2505601653163, 314.05744591302795], [358.7760052652544, 227.83660272262986], [463.4875071660306, 221.85722483603845], [472.8885359864009, 327.6465854534456], [466.54502676159393, 353.5587180843732], [458.95280471962207, 246.7380301577713], [403.59163039886266, 267.03516174492347]]}]}