{"camera_data": {}, "objects": [{"class": "cube1", "location": [15.89212472727206, 4.855354186611459, 35.64111196204756], "quaternion_xyzw": [0.3211655376097121, -0.548639852453531, -0.6916258491057773, 0.34278374319728916], "projected_cuboid": [[277.0190208156413, 165.49114737327204], [331.54168872962896, 248.36779564243167], [323.12984977452214, 234.9668176879842], [272.72102992910294, 158.3322288992032], [352.36111574410927, 120.52973718138402], [407.84056831092835, 208.080221964875], [392.9678046542449, 197.34485330406602], [341.7332400549009, 116.73406873882547], [336.68911252140754, 181.88384672840033]]}]}