{"camera_data": {}, "objects": [{"class": "cube", "location": [2.962886670408708, -0.34630248122262897, 12.159866391682549], "quaternion_xyzw": [0.23142173256572376, 0.3224068277735365, -0.7955723781145626, 0.4577798709886917], "projected_cuboid": [[147.73359531495592, -31.977363227945943], [248.85304150586552, 137.33308267816895], [305.2849700577602, 115.08918417857477], [229.59223374191157, -81.21885503777051], [154.387322909913, 145.12284560352424], [294.1757512841774, 295.69877928917276], [379.1123556881633, 275.17754114091815], [316.68826509142144, 76.44134330294048], [264.6158937864315, 123.1836859172386]]}]}