{"camera_data": {}, "objects": [{"class": "cube", "location": [12.111663605982992, 4.059206245712083, 19.38793529278705], "quaternion_xyzw": [0.22025093676852153, -0.5651157081008468, 0.7942149129948931, 0.0368297880360688], "projected_cuboid": [[317.54796285163127, 133.1744572051812], [507.132451465648, 167.4030717076645], [538.7192294105025, 150.31717443196746], [319.48767263328193, 114.96799009272944], [290.55652910655004, 253.72799264935293], [496.81986708453843, 318.71601514901886], [531.0316367917396, 325.8133677294891], [288.94929456698264, 250.29971236189806], [400.41429218465936, 207.94963371980984]]}, {"class": "cube1", "location": [13.687486765608181, 5.905803786575511, 19.81429379328387], "quaternion_xyzw": [0.11677312878341917, -0.7536903569223892, 0.6429711126610311, 0.07002164350947582], "projected_cuboid": [[331.7895160944172, 154.76094769981904], [529.8875560934076, 173.46524105074204], [573.7734844787715, 189.91910541569115], [339.98418863630366, 166.18897233939083], [317.615669232281, 274.79761781958376], [501.3988391534803, 307.20336923276784], [537.4697868131143, 343.9721777057987], [323.28897709444857, 302.3792775685707], [423.9671323400843, 239.55780297387417]]}, {"class": "cube2", "location": [14.717705064363283, 4.5036640033320054, 35.70071376467945], "quaternion_xyzw": [-0.5619253182433256, 0.28559057169798635, -0.6435668558319411, 0.4341654801443152], "projected_cuboid": [[339.98610891743465, 144.64983081691904], [360.8896296447715, 234.66817186501117], [382.92981551882417, 227.62061390179213], [357.815114605531, 132.3505698083437], [275.04705736439183, 136.2292070069292], [287.8317246343697, 229.4401089289526], [305.0255548711828, 221.59188758100117], [289.05698030469097, 122.76744140649453], [324.699953884861, 178.29198095746972]]}]}