{"camera_data": {}, "objects": [{"class": "cube1", "location": [13.650113137852623, 11.127843736476205, 54.596425509180584], "quaternion_xyzw": [0.35335189684291746, 0.91944184369257, -0.1571489256921183, 0.0712274400672461], "projected_cuboid": [[242.0992134261827, 217.87134006251483], [289.4648558391231, 171.2984096482832], [304.9158098944416, 186.3225926318862], [257.62093985867455, 234.31041739842024], [232.69616050099594, 223.63399501168345], [274.4948800293253, 182.6754953673704], [287.80152432476024, 195.92816455483995], [246.04299115868866, 237.96783044845674], [266.8815718272416, 205.97251855444398]]}]}