{"camera_data": {}, "objects": [{"class": "cube2", "location": [1.5427874218380517, -0.08304784254733985, 34.848910298698655], "quaternion_xyzw": [-0.7547113761040001, 0.1922254945220087, 0.23277252629353, 0.5824749342571778], "projected_cuboid": [[243.57044829833774, 178.2132793456832], [157.04883154004443, 173.20663560249506], [138.85661559867657, 168.4375502335747], [228.72956559376672, 172.92392932232917], [250.95468519875072, 94.75544322628765], [167.07395829907765, 102.03823090369386], [150.34623806558756, 92.9774991965283], [237.4662760998056, 83.50196721025219], [193.55538144882135, 132.48402906308846]]}]}