{"camera_data": {}, "objects": [{"class": "cube", "location": [18.583633718075745, 2.3954100682228496, 23.113955213082168], "quaternion_xyzw": [0.16622690898165168, -0.48230721482265315, -0.8600755747131721, 0.004286145381032701], "projected_cuboid": [[383.70344539105173, 223.66787454864345], [494.3039335521665, 237.28853471616418], [459.8944109660821, 207.27905953771025], [356.4827436757255, 191.6234613029399], [470.9156990621986, 114.99601058175409], [589.8733608882853, 145.40103962209994], [539.9400144703991, 120.17021072964789], [428.3930067741844, 89.9888751356286], [464.314656094241, 170.26762366907036]]}, {"class": "cube", "location": [7.952089627149121, 5.269446796139034, 16.09819224485717], "quaternion_xyzw": [0.4432818466360704, -0.5390041840026429, -0.5894735044608005, 0.40681283363392445], "projected_cuboid": [[245.74553382866176, 176.06716018727434], [306.9913514673217, 399.2546520856389], [285.780403684614, 350.1992907511225], [234.0967869384988, 163.23172177202537], [441.3764593711291, 121.05330812400099], [492.4531453117147, 350.4456778834374], [440.04915853543827, 308.9661618660663], [395.3343398098849, 117.6937446006728], [353.8246495915936, 249.99067349741637]]}]}