{"camera_data": {}, "objects": [{"class": "cube2", "location": [6.648136437336252, 2.5169410661608516, 29.42610151825938], "quaternion_xyzw": [-0.5677412606567372, -0.05972804515937929, -0.5899390930950749, 0.5710291481242428], "projected_cuboid": [[272.7421944996407, 162.28527920393506], [259.99432348877224, 247.05403955107502], [295.6128360219434, 240.69047241274922], [301.2033542296574, 152.94924469607082], [228.22494651792766, 101.87159670147068], [201.034931299149, 178.319567168855], [236.52559221488832, 166.12468265433472], [256.75416404031296, 88.29824636183554], [258.29547587019414, 163.81680833294456]]}, {"class": "cube2", "location": [10.928243082510024, 30.22606275780144, 55.693355738381655], "quaternion_xyzw": [-0.5360378531303143, 0.6161150619520466, -0.4383475097242496, 0.37538927950304923], "projected_cuboid": [[269.97714302295265, 290.8456003573492], [279.2745892807892, 354.3341516803616], [278.00191665053626, 366.97531740820733], [268.2100053279747, 300.0805644200352], [220.30267298057367, 290.3648962726432], [229.11220792845117, 350.9494540610516], [225.34847086216078, 362.81090445150153], [216.09629534546548, 299.1322126700885], [247.70899951953677, 326.75376524878504]]}]}