{"camera_data": {}, "objects": [{"class": "cube2", "location": [19.67191302120998, 13.264640345114646, 46.93429987704502], "quaternion_xyzw": [-0.32160081568021315, 0.8020743498292037, -0.46155916827754684, 0.2005312615998336], "projected_cuboid": [[325.14209893991585, 185.5729804430594], [379.11031547924074, 239.15018417125503], [383.0264642751939, 254.41848935334156], [325.8471268815837, 197.71828086892089], [278.3174153505729, 216.25886014978641], [328.2835332983814, 265.48265261457624], [329.09824605064466, 280.9269610105732], [276.3916529061606, 229.07990400871466], [327.15363386414526, 234.0564813613331]]}]}