{"camera_data": {}, "objects": [{"class": "cube", "location": [5.201100109147597, 3.3464764472590547, 16.24234759305785], "quaternion_xyzw": [-0.3831261864091073, 0.7352722087977058, 0.5224822577610703, 0.1990009914102224], "projected_cuboid": [[273.84718193912204, 305.8359639638927], [364.65868253365727, 309.9652260524836], [303.5052113235713, 301.87481297214504], [191.7124171786736, 293.77591239447383], [275.27247787277395, 70.48498181522727], [352.17160670741777, 154.41495652238464], [300.34665737119906, 160.4068120385657], [209.16710875167587, 89.40985345880776], [291.9000915799553, 206.7615749036123]]}, {"class": "cube2", "location": [31.65595903913315, -3.4464894679699656, 37.71852581223564], "quaternion_xyzw": [0.06408791351846821, 0.6611496033905736, -0.7316425128999724, 0.15320957735974117], "projected_cuboid": [[429.2463969332821, 58.80159809375955], [493.0547328749224, 76.27100532360973], [525.1281491486777, 69.82582458659235], [458.8717655889793, 50.40730870689458], [427.26317121261565, 132.59404735953206], [492.71232448715017, 145.0258560156452], [525.5680749778861, 143.65832310454846], [457.5355091722103, 130.07926576003925], [476.88363692058374, 100.76868438147466]]}, {"class": "cube2", "location": [7.583512565576631, 6.595897115132692, 22.785061730631373], "quaternion_xyzw": [-0.7766130099572572, 0.5322105438476212, 0.11874524065307245, 0.31547383030101317], "projected_cuboid": [[411.51014272300836, 247.5861191000184], [295.0329907539566, 338.856222450966], [256.5950162426779, 337.6385505424158], [368.6659310190411, 239.9690293055922], [332.7337592653284, 144.1563333392715], [255.18777213077107, 234.52524955283417], [223.70100764222585, 229.50264223912333], [297.76181245069876, 133.64720655538304], [296.3940733609231, 236.5020002379031]]}]}