{"camera_data": {}, "objects": [{"class": "cube1", "location": [2.3945516067902055, 2.718287963170949, 4.627999969447793], "quaternion_xyzw": [-0.9082720853038035, 0.0363767958840899, -0.4106609010634114, 0.07124726041662577], "projected_cuboid": [[698.6009590895098, 370.9553032659815], [-341.8510646049395, -1152.1234619268002], [-208.66090714768205, -284.78379532482677], [742.5231474610803, 199.15937193940044], [263.88746492371894, 234.62605668380567], [-190.50400818714633, 551.1811939214672], [-246.36814228203843, 291.48037563325283], [266.97677300562833, 140.5359758341777], [362.1752696025002, 342.6608253968494]]}, {"class": "cube2", "location": [42.96678047346204, 17.810532284941193, 56.925288741026094], "quaternion_xyzw": [-0.7714477542012714, 0.603205525267882, 0.011165882219807088, 0.20220479692224494], "projected_cuboid": [[494.99658050544895, 233.77919846113275], [462.310027684358, 289.0162408690903], [448.54074779951486, 287.8284901475804], [481.09740872572917, 231.57069525206327], [445.18023265973557, 205.8987299851458], [418.43024012311446, 255.797665080737], [405.6669497952473, 254.2677854154012], [432.25756331618925, 203.5415449310819], [446.77743488507565, 244.83871085415467]]}]}