{"camera_data": {}, "objects": [{"class": "cube1", "location": [4.597550623421627, 2.674566170213404, 15.893142211606623], "quaternion_xyzw": [0.01893591546042085, 0.33865481782010143, -0.6770534866542461, 0.6531101910721026], "projected_cuboid": [[264.1291505772254, 56.210559582923906], [269.44865098400993, 214.06590787555052], [321.649516723017, 223.41930648953047], [331.18271419922155, 55.44770010760955], [205.1370808628903, 137.37979017841195], [229.99856008435634, 332.71884575705695], [300.8285974581167, 356.6928866440021], [306.41950054831636, 146.89356352985715], [280.8735618886793, 193.30798485102144]]}, {"class": "cube2", "location": [12.85618448232126, 5.976785542704096, 45.8420168623733], "quaternion_xyzw": [0.44088889379389995, -0.5901991081967858, 0.6368811400428523, 0.2272980630595575], "projected_cuboid": [[267.4789302176019, 142.60713497460222], [328.04481153849827, 163.94219922689425], [312.80878464683724, 159.91478092203732], [252.78084563461482, 138.5414981155383], [249.93602710417218, 195.5484275002405], [306.13940207756264, 226.79387350015122], [290.2768161287157, 225.35609240980568], [234.85474368093872, 193.307731718157], [277.72541570043967, 179.79856554783962]]}]}