{"camera_data": {}, "objects": [{"class": "cube1", "location": [570436787.9032539, 759240940.8073068, 1220264147.0545793], "quaternion_xyzw": [-0.560666591938326, -0.3270880917842882, 0.7373678590613644, 0.1869625452341607], "projected_cuboid": [[344.37886319292323, 355.0763366795595], [344.3788631112929, 355.0763335228463], [344.3788634745126, 355.07633327265523], [344.378863556143, 355.07633642936844], [344.3788655824078, 355.076337545485], [344.37886550077735, 355.0763343887718], [344.37886586399713, 355.07633413858076], [344.37886594562747, 355.0763372952939], [344.3788645284602, 355.0763354090701]]}, {"class": "cube1", "location": [4.266669053947281, 2.7427027376829436, 6.919174937108816], "quaternion_xyzw": [0.12395016683629477, -0.19805241632042694, -0.9673654230578513, 0.0980598531663165], "projected_cuboid": [[105.06100162953194, 307.68413264113366], [429.80849081924555, 353.7233762472431], [416.76978230681186, 251.71538160136072], [128.77448917532845, 190.93487942759086], [263.84040882037493, 433.7613045262658], [1120.7251362671957, 499.7305912910924], [919.1206246058161, 215.6097107216159], [279.07880454378693, -15.89056651892733], [397.5429170052388, 274.60289077622906]]}, {"class": "cube2", "location": [14.42412759123025, 1.0202061297599467, 46.341260498171664], "quaternion_xyzw": [0.5207594688415367, -0.40627567144905374, 0.7505914882130662, 0.01902819546345777], "projected_cuboid": [[287.21395364683843, 116.32915168010985], [344.37395255009244, 145.3729729871167], [339.89471590237747, 128.83830417578548], [281.423924731619, 101.40407984652644], [246.3251162363769, 151.39718762919594], [297.2209473478772, 187.67692343433498], [290.5922915209728, 172.55881369946434], [238.93515317932432, 137.4296628960189], [288.70697457062136, 141.17925994633788]]}, {"class": "cube2", "location": [27.63015284415598, 12.286581585046658, 49.84002843606801], "quaternion_xyzw": [0.1734755671735441, -0.5485133567472934, 0.7651843233411143, 0.289019508643681], "projected_cuboid": [[335.9762918138006, 198.74899892051604], [410.3979506408002, 188.28050177536124], [406.9944852852292, 185.62313949673683], [329.83301275835333, 196.82175749091897], [346.92543296412975, 253.14186284448252], [427.0250134183391, 248.85429500437624], [424.24369761147955, 249.0560110465407], [340.9345437874322, 253.5092604644595], [375.35149073402545, 221.19044932503755]]}]}