{"camera_data": {}, "objects": [{"class": "cube1", "location": [3.923463447990395, -1.2678514572478685, 7.670425029239573], "quaternion_xyzw": [0.42189216015169423, 0.0646583518552023, -0.8611770956336879, 0.27604404122138215], "projected_cuboid": [[57.81133340565587, -66.70017702239147], [250.4519766441724, 151.82678491454436], [288.472394321165, 88.19454498257997], [150.52745152919806, -191.91023630436334], [1257.2956282369869, -98.11465564708541], [517.608202006742, 274.6561310314909], [566.1437888716811, 170.64005141170546], [1372.7453466765617, -640.6058136171383], [360.0726015320343, 74.42549310253955]]}]}