{"camera_data": {}, "objects": [{"class": "cube", "location": [29596.477031146595, -8329.4869566308, 134266.40222595324], "quaternion_xyzw": [0.4844036716308653, -0.037691105348964665, -0.7130555550126418, 0.5054544875196215], "projected_cuboid": [[256.32736136418225, 111.2109619144519], [256.3240668395782, 111.23213928040585], [256.3285621380021, 111.2285362633231], [256.3318568411337, 111.20735897935988], [256.3453110476707, 111.21952351183351], [256.34201554685984, 111.24070112764684], [256.3465107687293, 111.23709789328439], [256.34980644805773, 111.21592035945682], [256.3369362067432, 111.2240300953388]]}, {"class": "cube", "location": [3.964356524282942, 3.20933027831731, 11.359583128496954], "quaternion_xyzw": [-0.19069440146162123, -0.3069177333694453, -0.32128484524904605, 0.8753360488451579], "projected_cuboid": [[264.0135235921749, 173.83947704117458], [122.51883964264596, 339.1280695751637], [187.6262300381158, 418.217826911162], [307.7753505554326, 219.06127065096246], [406.12636825726594, 66.79800379102126], [283.71956693305606, 283.0697985070397], [440.8536662913575, 452.87994294595876], [477.4508125459541, 131.4513538978402], [302.1531708592629, 234.02097644742645]]}, {"class": "cube1", "location": [656.3765648639718, 290.497590179116, 806.3243423859192], "quaternion_xyzw": [-0.12227713006910179, 0.12318688081889756, 0.9793167727570447, 0.10398054843528], "projected_cuboid": [[464.820723064173, 262.8755687872544], [468.0500509247801, 261.68963851245564], [467.5105619304159, 260.3385599081509], [464.2820508978708, 261.5191139056881], [468.27647993087226, 263.142118770993], [471.5246192843207, 261.94421382400685], [470.9772893357881, 260.58030006307564], [467.7299637348384, 261.77272618236714], [467.8909522757596, 261.73093706000327]]}]}