{"camera_data": {}, "objects": [{"class": "cube2", "location": [8.325469960580556, 4.240433162839954, 49.20775713239231], "quaternion_xyzw": [0.2849272144082343, -0.5959386499664807, 0.7275932419527432, 0.18515313184061893], "projected_cuboid": [[218.46752381466752, 135.5129788182542], [281.3698266629044, 141.04765580920642], [272.2408171942167, 136.2276443738893], [207.6817449282152, 131.0402928472828], [208.81979648386778, 187.86428821254603], [271.78191487212285, 200.6470510928619], [261.9496606309725, 198.78514136877928], [197.38287303583627, 185.65978013971198], [238.07528292003005, 164.04481768825252]]}]}