{"camera_data": {}, "objects": [{"class": "cube2", "location": [24.29241418506561, 21.153341856469346, 56.61471655333312], "quaternion_xyzw": [-0.34134119445089667, 0.7047221047919785, -0.5859784313830294, 0.2085239121594524], "projected_cuboid": [[326.17820904769644, 223.964027230651], [371.75333197776797, 271.31824568526247], [377.5300464167933, 280.3751550218017], [329.42668437054596, 230.33482858310524], [288.4127372923707, 253.95915366972326], [331.89022487680614, 300.3912086511987], [335.3936481571971, 310.673508670135], [289.6190757910503, 261.6656129301515], [330.69820248198863, 266.49333941429813]]}]}