{"camera_data": {}, "objects": [{"class": "cube2", "location": [7.698567649369607, 8.754591236376045, 39.08706134971217], "quaternion_xyzw": [-0.524891674814883, 0.16072880675422146, 0.21843424745182663, 0.8068094322264369], "projected_cuboid": [[294.1531745706885, 249.22614222565255], [212.67266320288294, 221.6511425517664], [201.32858110115197, 235.56643626882493], [286.4358866683723, 266.70938723282507], [302.0006080413784, 187.19751111518033], [213.28685318837626, 164.86416375511365], [201.04980375803865, 176.50744145736104], [294.09911550429365, 202.05534493788258], [247.97195139566688, 213.1561426126868]]}]}