{"camera_data": {}, "objects": [{"class": "cube", "location": [1078660587881477.2, 1327762004429503.8, 2034240967607608.8], "quaternion_xyzw": [-0.4707382040264213, -0.22349957947528806, 0.6758309209768378, 0.5212543021366327], "projected_cuboid": [[366.75374204390823, 365.95062548433555], [366.7537420439079, 365.95062548433356], [366.7537420439079, 365.9506254843336], [366.75374204390823, 365.95062548433566], [366.7537420439098, 365.9506254843358], [366.7537420439095, 365.9506254843337], [366.7537420439095, 365.95062548433384], [366.7537420439098, 365.9506254843359], [366.75374204390886, 365.95062548433475]]}, {"class": "cube2", "location": [32.502506484494724, -0.4715904738223383, 52.74406416993545], "quaternion_xyzw": [-0.2238177946562497, 0.1660481194312722, -0.781434723278452, 0.5582950743856514], "projected_cuboid": [[375.7927946018425, 103.9240812893231], [399.1703969362341, 163.251705140618], [421.023067515495, 157.78784161449929], [396.37009448388034, 97.00621389938478], [372.1054336425451, 100.56086139500934], [398.5638745289558, 167.90688709950066], [423.48772706839384, 161.81918062814674], [395.3821226035982, 92.59315761136764], [397.3955177909884, 130.14682111397485]]}]}