{"camera_data": {}, "objects": [{"class": "cube", "location": [14.91087310879044, 1.4728444457204957, 20.38581490242092], "quaternion_xyzw": [-0.46000331889745866, 0.5353222298096402, 0.7075863043910713, 0.03389216300480266], "projected_cuboid": [[411.04420643183835, 201.6280007850944], [430.57498082032, 250.64109421822383], [385.29221219293885, 222.1747445881273], [350.88057630479034, 168.24117538624785], [522.0799763221252, 59.829740483758314], [508.04501161571505, 151.80313350142742], [455.92833916729785, 131.95437052103105], [448.394404033549, 43.53235676357599], [438.4526404232718, 159.08189418454384]]}, {"class": "cube2", "location": [1255570041118.127, 884870354607.1215, 2943815352600.2627], "quaternion_xyzw": [0.8789229403272265, 0.3935971182656382, -0.24382631098212296, 0.11456222559105896], "projected_cuboid": [[329.78160895627474, 240.4589253689098], [329.7816089553153, 240.458925367951], [329.78160895558534, 240.45892536770884], [329.7816089565448, 240.45892536866765], [329.7816089562494, 240.45892536904188], [329.7816089552899, 240.4589253680831], [329.78160895556005, 240.45892536784095], [329.78160895651945, 240.45892536879973], [329.78160895591736, 240.4589253683754]]}]}