{"camera_data": {}, "objects": [{"class": "cube", "location": [4.608370558898219, 1.7223004561613422, 10.196079511702756], "quaternion_xyzw": [0.0808990219045321, -0.9452842327096229, 0.18209458767688624, 0.2583304642976787], "projected_cuboid": [[137.87162045896213, 80.17961565629491], [721.2292564961172, 66.70664275878386], [779.1740598991228, 300.44942950124516], [104.98041317050883, 182.69387204991688], [233.00143893677927, 167.8306045989615], [528.4850802597272, 202.3228945155483], [533.7118384946707, 303.43089692042764], [219.22371351585934, 233.21417962547383], [338.8565592043975, 193.53380011075066]]}, {"class": "cube2", "location": [4.6630949701069975, 3.8223828289929993, 22.28021832291963], "quaternion_xyzw": [-0.5931248097919779, 0.732620148062228, 0.26362663614066867, 0.20486989866660382], "projected_cuboid": [[290.2664656923867, 184.87075279113827], [293.3424308366295, 293.69208289667034], [244.60008664810118, 298.11859071297215], [223.30211684616313, 193.82458384844378], [260.2551959189026, 89.22681971402517], [269.1679714133186, 194.8513161666539], [231.3575208581764, 199.79964251405505], [212.33265955846537, 97.5347252764689], [252.36749728111994, 194.47522833583577]]}, {"class": "cube2", "location": [19.019364046746055, 0.35233341211990166, 39.554841515560426], "quaternion_xyzw": [-0.41547097415759054, 0.43105764407447134, 0.21626973253887366, 0.7712331553460816], "projected_cuboid": [[414.48680692280584, 159.20639891424497], [328.8286218446823, 156.33595024700853], [316.7616603847535, 170.6116553461201], [402.8349015694788, 176.96102216550804], [390.2004798218643, 93.2643407231384], [304.7982969788608, 103.09835068550755], [291.2993365654254, 116.41521001696219], [376.7733693896155, 109.53690739403405], [349.1421357243671, 136.50785529961263]]}]}