{"camera_data": {}, "objects": [{"class": "cube2", "location": [22.90852349136388, -1.6423792138018878, 45.1853617781256], "quaternion_xyzw": [0.46970709902781405, -0.3036559896755842, -0.7791127671111454, 0.2831105388031874], "projected_cuboid": [[319.9784161941278, 104.48277812431093], [332.8724914157626, 161.3398075113643], [329.36935243088624, 146.2639357693927], [316.67474294295255, 90.33268304289139], [395.46491523556074, 87.45974477312214], [399.89497225297316, 150.16953828654027], [393.04906453433983, 134.66550528190922], [387.94009487398745, 73.19943045918022], [358.4633562901661, 120.37945446399517]]}, {"class": "cube2", "location": [15.751183702752666, 28.80956643586637, 61.28345575890142], "quaternion_xyzw": [-0.571130453765893, 0.09640349146146665, 0.020891848513728002, 0.8149109781325096], "projected_cuboid": [[298.6918271321244, 312.1274028425934], [241.47037595876134, 311.3185268359875], [241.83991747215734, 325.2542461553211], [301.7107511709003, 326.51865272197153], [297.67198914829515, 275.82157124663956], [238.06103899412653, 276.0338360109456], [238.2875671929863, 288.936899683844], [300.7795348017255, 289.1193200324463], [269.37748913533176, 300.8729938224973]]}]}