{"camera_data": {}, "objects": [{"class": "cube", "location": [8.408473143958108, 2.8998612967094184, 16.311007150769726], "quaternion_xyzw": [-0.37774181931870615, 0.8246015886469755, 0.269813006131324, 0.3233330785135603], "projected_cuboid": [[484.83412903633626, 227.00385031370746], [457.8628703092805, 280.05688614166377], [400.21786637925277, 309.410659627358], [384.5489105686303, 280.3591024392898], [315.4809817844712, 62.72543167183035], [350.79521080502013, 157.83956762878475], [308.9753613622031, 183.78621569529622], [255.1555312232133, 104.69726545375914], [361.49950466610653, 196.69412619629225]]}, {"class": "cube1", "location": [9.433677246155053, 5.620067877128771, 18.71774300309531], "quaternion_xyzw": [0.1344114461026564, 0.2464725504259312, 0.9117098962278802, 0.2999498460797696], "projected_cuboid": [[305.5322305094097, 316.76254198273523], [445.7824769020897, 220.29991532393652], [403.8066788796568, 180.776548661909], [274.8466322350028, 272.3195762477062], [288.2838152336701, 329.04112803512805], [494.53020890291407, 187.21575945359172], [429.5368699283017, 134.04136399214806], [246.81250000717785, 265.413921081726], [357.39653583731604, 240.34034512310092]]}]}