{"camera_data": {}, "objects": [{"class": "cube", "location": [3.3130689394806234, 0.5995824131563263, 9.835193301143866], "quaternion_xyzw": [-0.45628836019825214, 0.7536276023771108, 0.4567708562533432, 0.12331566875504903], "projected_cuboid": [[256.10398446658166, 197.85787154400285], [409.4884752003719, 367.7359909592154], [300.2939027363109, 347.98742691261134], [75.1270236532438, 209.97195200293334], [294.36054803681526, -116.68336343955932], [383.7536042679042, 133.87372520623194], [307.6541948876025, 144.98379290697173], [187.5174552395103, -55.054286822330454], [297.8304215846326, 155.05985191606925]]}, {"class": "cube1", "location": [3.2651710291506877, 0.5174557969436662, 9.608209926714578], "quaternion_xyzw": [-0.4578059041121157, 0.7525799583770751, 0.457264870028231, 0.12225383039934946], "projected_cuboid": [[255.9988486645546, 192.815879242197], [412.2424139490589, 370.71248620564256], [300.3784821648352, 349.74112456298195], [67.19515081326117, 206.3456011554765], [296.77489224844624, -127.6784905401569], [386.0195630817677, 132.28813270470636], [308.51707504845467, 143.483733614568], [186.91490012978466, -63.00724893832026], [298.8898979319955, 152.5268665646505]]}]}