{"camera_data": {}, "objects": [{"class": "cube", "location": [1.674466024807109, 0.352530751624053, 1.447251683914716], "quaternion_xyzw": [-0.2613533767441999, -0.24997437210249218, -0.8350306273955564, 0.41464572476724343], "projected_cuboid": [[117.33720274614906, 176.04022896949647], [1777.4582407601729, 2761.0712304310205], [1721.3258027497386, 1311.2013127600767], [233.04108883918357, 101.09665974063759], [-598.5882430879769, -926.370664810565], [27.414188504404933, 32.54153361302842], [-191.9774046262665, 147.18506301671297], [70.67179479543809, -891.4802266944986], [590.1186944931087, 220.14480107377423]]}, {"class": "cube2", "location": [7.977482548406808, 1.0669847825302547, 39.28084245380059], "quaternion_xyzw": [-0.7095881824016977, 0.24435976894209707, 0.2621437525737016, 0.6066741857908556], "projected_cuboid": [[298.63336664383377, 183.0524655494151], [218.65529011286435, 177.729649590827], [203.5163374902487, 176.34361825477282], [285.6681662806678, 181.7374082995219], [301.1130670776975, 106.59923540163234], [222.58950660648588, 112.95419464587155], [208.02073738866568, 108.21311893671219], [288.67320265182525, 100.56611332980788], [250.15621886903097, 143.01391799886204]]}]}