{"camera_data": {}, "objects": [{"class": "cube1", "location": [6.955935864565472, 3.065054376799651, 13.848124283277032], "quaternion_xyzw": [0.43227514995271293, -0.864526890529234, -0.12128808612120309, 0.22587751205082152], "projected_cuboid": [[285.7631211896468, 76.55280810620387], [546.835547901092, 399.9876253872442], [422.37799458811173, 432.87316103180024], [215.51762665483898, 133.53331838404864], [322.2596759496115, 96.0301938719821], [471.484276660735, 276.0899281699293], [404.9809040435068, 304.25073041197334], [274.9369083259056, 131.33609510248937], [356.7925095381303, 212.21414790334518]]}]}