{"camera_data": {}, "objects": [{"class": "cube2", "location": [22.31590486801599, 15.14479412449143, 52.20189674212275], "quaternion_xyzw": [0.5453630364287853, -0.5998993881124831, 0.585398508632683, 0.002910108258197566], "projected_cuboid": [[331.5407652246648, 194.5909470966054], [381.37523779849676, 250.20698491439418], [375.4596266920204, 249.04049288472953], [324.37192356989516, 191.36872405364858], [293.4684776276192, 226.77067072242932], [336.093308200401, 283.6853594402419], [328.5498388145921, 284.0057869170098], [285.18826206131826, 224.90778767819424], [330.13125603836403, 236.72874015431148]]}]}