{"camera_data": {}, "objects": [{"class": "cube", "location": [31.54854391931594, 23.908354432528036, 42.059047104585616], "quaternion_xyzw": [-0.07351502725969139, -0.7408024619484582, -0.6621207261500087, 0.08604299588400517], "projected_cuboid": [[404.06850956438205, 372.2881507328451], [506.0274207597912, 386.50487382059043], [488.9776086744251, 371.83829262374644], [394.58686262676974, 359.30193120497563], [401.45233810552537, 300.1842183073479], [501.0490585439222, 310.0307327674691], [484.6822303094374, 300.8492813767855], [392.32173949906337, 292.09547561766027], [445.10552977150894, 335.9216575571938]]}, {"class": "cube2", "location": [20.297565561294594, 10.211590870722368, 35.2458782443637], "quaternion_xyzw": [-0.5535770512952767, 0.47351928402453225, 0.39112448659045024, 0.5624531730957498], "projected_cuboid": [[450.40731254342813, 292.46326371235483], [363.15786473293434, 261.7139861050819], [340.58254165858074, 266.3764540777648], [422.7313064060237, 299.4181971013669], [436.946751403564, 198.72930173143104], [353.94321653573786, 190.5922610502505], [331.47060816992337, 193.84960303707965], [409.3827346313916, 203.22872075334027], [383.0167219569016, 236.58788976608844]]}]}