{"camera_data": {}, "objects": [{"class": "cube1", "location": [22.983216546532464, 22.458842481552384, 45.91568415700516], "quaternion_xyzw": [-0.7698446328747798, 0.40734623582575613, -0.2814777804838643, 0.40271397354246397], "projected_cuboid": [[405.5842208207938, 291.5737648028769], [370.2310527992139, 363.5516999858728], [371.71078044525973, 368.76175631170776], [409.11794113351937, 292.4010592815424], [343.0433580656646, 256.04602033544575], [309.34037724457113, 321.1451623535989], [307.3280001932179, 323.54875669570265], [342.8938940621563, 254.88436511011224], [356.1691740619551, 307.6546369288909]]}, {"class": "cube2", "location": [6.235537936634824, 4.141429296208236, 28.795915538969737], "quaternion_xyzw": [0.757474701605569, -0.527261722694731, 0.37571292131463574, 0.08406517094350706], "projected_cuboid": [[300.9885062746855, 121.49107927810836], [311.13536049764156, 231.62855988666334], [274.61539019796896, 214.56611510433925], [272.50720138136626, 105.2396956049266], [242.53547124117165, 165.66238193927654], [237.30731964151204, 264.3349675806056], [206.01712713109524, 251.65728878717346], [217.33451769049407, 153.0953158702315], [254.95109889876716, 184.5891922863199]]}]}