{"camera_data": {}, "objects": [{"class": "cube2", "location": [19.11804769691703, 2.9849414721466685, 38.778494399611375], "quaternion_xyzw": [-0.7327083413229354, 0.2180719918937758, 0.37631944199075995, 0.5234183513090047], "projected_cuboid": [[401.13915071167605, 210.6523751836939], [308.9107257464107, 190.42285541379286], [296.11960984494925, 183.64902664442732], [390.3622591119355, 203.39115855047416], [418.13699806244534, 134.97206931241513], [325.7284748583009, 128.69383487853614], [314.0609549681334, 119.50531399132312], [408.6674340768162, 124.04355155793883], [353.4797972068076, 160.76606353926357]]}]}