{"camera_data": {}, "objects": [{"class": "cube2", "location": [25.399223912076202, 22.53801384237688, 59.26992886638816], "quaternion_xyzw": [-0.417232932943935, 0.6103459465806055, -0.6578001303560921, 0.14385233283869495], "projected_cuboid": [[325.29862358253354, 228.72001686567523], [371.96942332157437, 277.4351840974964], [375.4831514507853, 280.5024724659439], [326.4150416265472, 229.3227272879368], [290.705953542114, 258.54780819116394], [334.6056485736384, 308.53112287030683], [336.23821870676, 313.08477294020497], [290.21536863932386, 260.51675506271295], [330.50279975428134, 268.8539567704604]]}]}