{"camera_data": {}, "objects": [{"class": "cube", "location": [39.55113546727112, 9.731220279403399, 54.2999207360864], "quaternion_xyzw": [0.4564600362625101, 0.5158726051764009, 0.515994750950988, 0.5091847479204075], "projected_cuboid": [[470.3587849157569, 234.0748867860732], [471.70881892253914, 166.3974357805828], [455.0460597414787, 165.6045549646792], [453.606181856225, 229.64116747045531], [418.35245907114165, 231.18159472932595], [420.24690668684195, 163.0111918210267], [406.21832090813916, 162.39386085757647], [404.2886573955367, 226.8716167903973], [437.3653615605125, 197.20264908732094]]}, {"class": "cube1", "location": [3.7272205296137644, 0.5076664126596717, 10.75934806229192], "quaternion_xyzw": [-0.9114172705462398, -0.08562104711939895, -0.33185900171653765, 0.22772175614096057], "projected_cuboid": [[460.0435831339009, 246.24756914831863], [290.85022692558954, 378.2966074217747], [395.54339283193997, 220.2523086330695], [518.8888888878788, 169.76369904360672], [277.6979275059643, 132.65125636798265], [84.46950727526279, 130.61421138275833], [107.97721644739572, 33.20209119470985], [304.6934878027016, 74.2245969930589], [301.23692934554913, 150.14909834869508]]}, {"class": "cube1", "location": [35.248762034852945, 9.23190428710802, 48.59561917010242], "quaternion_xyzw": [0.34276079184377, 0.486145812222089, 0.5409683572873939, 0.5945843298030444], "projected_cuboid": [[473.10815532001624, 241.15466691244472], [464.899452679078, 166.1794935991693], [443.144689554112, 168.09848828917026], [449.99529459852357, 238.96410247356334], [428.3233575978935, 239.25791172522457], [421.6790520943364, 160.64024888632858], [401.3315116640798, 162.96038738269849], [406.70396650840905, 237.07130086145753], [436.28394254825986, 201.03795707100562]]}, {"class": "cube2", "location": [4.328719193621861, 3.0845933047367473, 24.059692702610825], "quaternion_xyzw": [-0.40192572011899125, 0.25979255541234386, 0.36875356171696644, 0.7968590555300266], "projected_cuboid": [[314.53042418239943, 250.86593938772302], [213.2218999092264, 179.10922002972728], [185.60316702814652, 196.10269724671303], [284.19507116817476, 277.7395242631409], [328.076431318186, 152.8802564347688], [206.2663627795719, 95.86651829104542], [173.43557755236446, 111.30803040091172], [291.3293248558976, 178.87838594868913], [241.89777477007087, 179.0244730389516]]}]}