{"camera_data": {}, "objects": [{"class": "cube", "location": [2.781817339978095, 1.5821740017593862, 11.522765570392858], "quaternion_xyzw": [0.6550747263088277, -0.6829062800500456, 0.133367087949022, 0.294498447316146], "projected_cuboid": [[291.49711590313336, -27.291479515062292], [396.5793057100652, 356.1704856107839], [193.40359808595838, 352.2533910390871], [195.38090727796006, -8.963471196217853], [287.38716184290274, 125.36761836743392], [332.56788838322296, 374.3807296362265], [238.8097362272961, 371.59179518186295], [225.43279405837126, 131.99023309692168], [263.81691350696514, 182.26856776739552]]}, {"class": "cube2", "location": [10.885596051234488, -0.04324320749138233, 48.53008916798732], "quaternion_xyzw": [-0.7510699740339224, 0.4723186758729232, -0.39331784618639887, 0.24106022981326464], "projected_cuboid": [[294.9703215123764, 104.90730447773895], [285.18071116022, 173.03780635934814], [277.80636966898186, 164.25385404237244], [288.62527500981827, 93.60870363413167], [241.5270430308276, 107.83832824299283], [228.76271317659464, 169.9340000904306], [219.50391261581285, 161.84990811222056], [233.46555508366512, 97.67216281069088], [257.7179869985726, 133.0157695510683]]}, {"class": "cube2", "location": [9.91399248351647, 20.59565681174498, 55.654863726700604], "quaternion_xyzw": [-0.6058374472545596, 0.6444301463788502, -0.3595961486978869, 0.2972564276577706], "projected_cuboid": [[266.03267931680926, 232.0049835958157], [272.7334181410879, 298.15740032266586], [265.5722912468099, 306.15540877321877], [258.6275600954164, 236.80472455237697], [220.02739837314897, 229.45950144138777], [225.80323241575041, 290.51449557517105], [217.16000074374895, 297.5373333701087], [211.21335589133585, 233.76800654273282], [241.26255752683227, 265.2187204419761]]}]}