{"camera_data": {}, "objects": [{"class": "cube", "location": [18.91346131972209, 2.549312215984999, 36.549101088768104], "quaternion_xyzw": [-0.6457440006826497, 0.6509585909140703, -0.20114320715760517, 0.3446868270066134], "projected_cuboid": [[420.963702988739, 115.04026299332143], [401.0158343995581, 213.42313488866137], [392.7953771758651, 221.16254702514357], [413.5847959686639, 116.68078607637382], [336.02283329216533, 104.30564245808378], [322.5979417638931, 190.18695411748854], [311.2743668860729, 195.59028910894705], [324.8891234393486, 105.09526131297693], [362.2022167922347, 158.19157939194764]]}, {"class": "cube2", "location": [37.376292259671864, 6.763711585261465, 41.108136283705676], "quaternion_xyzw": [-0.6815777039788147, 0.22156975164007367, 0.3283921715442078, 0.6152375640885421], "projected_cuboid": [[559.4677260621447, 239.2919053339557], [445.6523127769852, 214.60137796355926], [441.1085983858607, 214.92730338449093], [560.5333238357138, 241.09453003108752], [570.2210289904142, 166.103039632731], [455.25832302405803, 153.02560373438635], [451.1935295530025, 150.4251662539531], [571.8916137923895, 163.7339808924527], [501.8132722910811, 191.9716437641497]]}]}