{"camera_data": {}, "objects": [{"class": "cube", "location": [4158.053611870123, 4557.183952787733, 9077.669404888948], "quaternion_xyzw": [0.7381830669280309, 0.007119731047125226, -0.5867860836435411, 0.3327418837069027], "projected_cuboid": [[341.0227738861802, 312.24816851352045], [338.2443498562059, 312.0240166972459], [338.4594539130986, 310.8281926192283], [341.2354975031726, 311.0404599241004], [343.61288875878824, 313.68298770162994], [340.8119123876138, 313.4453051864981], [341.02277388626, 312.2481685135997], [343.8212947333643, 312.4739416583735], [341.0227738862203, 312.2481685135603]]}, {"class": "cube", "location": [83279370.75843811, 77232878.85195236, 125464103.22742957], "quaternion_xyzw": [0.1894830337887576, -0.4653594674588519, -0.6100549458091098, 0.612674227503056], "projected_cuboid": [[414.33802212028627, 352.71816994422306], [414.33813645181954, 352.71849166346124], [414.3381398755373, 352.71846536661315], [414.3380255440251, 352.71814364744364], [414.33827891475204, 352.7181629334713], [414.3383932463907, 352.71848465280914], [414.3383966700605, 352.71845835595406], [414.33828233844275, 352.718136636685], [414.33820939513646, 352.71831415006017]]}, {"class": "cube1", "location": [305.0456099978789, 271.29503849294184, 525.5687354342955], "quaternion_xyzw": [0.49529155159811583, -0.45804480640670886, -0.578242587364184, 0.45882103744024816], "projected_cuboid": [[360.4481069948966, 293.30695303292515], [361.1435202314648, 355.83709427515896], [352.8176270484767, 340.8363951233223], [351.9237856542969, 281.32244968206186], [419.74994029865735, 291.3135568627331], [418.69875261308607, 354.77490882442356], [407.14120153623753, 339.63394141835767], [407.8006746041324, 279.2776427758348], [384.6296292634689, 317.2988754420596]]}]}