{"camera_data": {}, "objects": [{"class": "cube", "location": [260.5692290486005, 299.2500848889927, 551.6482901853179], "quaternion_xyzw": [0.43469640339619336, -0.47368419409251766, -0.5519669952152306, 0.5310317856158947], "projected_cuboid": [[318.8562113176668, 297.87323080525994], [323.27452419987657, 364.12366770334205], [319.0225265715168, 352.4478546698919], [314.8485511134794, 289.65076418969386], [375.3070811859202, 298.8814279387721], [380.0889955814383, 366.8735262279572], [372.72566907606597, 354.7622650312313], [368.2261702023744, 290.40248444777905], [346.11688019404534, 326.6619580222026]]}, {"class": "cube1", "location": [259.6093577062194, 297.81380570496435, 549.492985036862], "quaternion_xyzw": [0.42392985963697616, -0.46152079888826575, -0.5685912520150554, 0.5329033818936244], "projected_cuboid": [[317.8654652099725, 297.7685050305913], [322.8837009721193, 363.53027773598785], [319.465457202939, 351.6310656317037], [314.7095754626595, 289.2510507858517], [375.1483484772615, 299.1753677141112], [380.4372583004955, 367.08672712277155], [373.87529672650555, 354.6318107382291], [368.8766464526314, 290.32085067875926], [346.1546143480771, 326.48872239411196]]}]}