{"camera_data": {}, "objects": [{"class": "cube", "location": [78.83996516167045, 63.164892915567194, 229.30969256830286], "quaternion_xyzw": [0.13161415992881556, 0.8445381514222847, -0.04550175633843906, 0.5170711883953498], "projected_cuboid": [[366.4457539306974, 238.69775530135684], [361.1101578017739, 177.4406542735329], [371.0860793909478, 217.2756612947958], [381.638445742718, 298.9399163026488], [210.87010617088703, 249.4819433910681], [253.5218127326881, 192.70745586692664], [262.89422518489874, 227.43279532941378], [224.6735716605825, 298.75636660592886], [300.3093954748238, 231.50304326070318]]}, {"class": "cube1", "location": [66.52558453246739, 52.627097180621064, 231.84529251495542], "quaternion_xyzw": [0.6077551909208482, -0.6710069491371096, -0.010982712113129494, 0.424573529736737], "projected_cuboid": [[272.7434551013753, 113.49346756646014], [282.9888832159389, 279.46044376515874], [227.75767924299154, 281.94853065091365], [230.88251463876563, 126.32806487408466], [315.1900974457276, 168.7030530225232], [333.7283183334422, 310.23622672924336], [286.98548818601427, 310.1256638271092], [278.3250099141224, 176.30050791568158], [280.03984614684134, 214.23086843614016]]}]}