{"camera_data": {}, "objects": [{"class": "cube", "location": [221.7105033026028, 136.99652592511853, 435.6053375349951], "quaternion_xyzw": [-0.5694095484707308, -0.3781532518184397, -0.045466396155819405, 0.7284954983183495], "projected_cuboid": [[348.282204237359, 270.28574006061996], [312.51764022485077, 259.01901932485765], [334.0419847984356, 275.9638941259366], [368.8335172415575, 285.5818611361888], [380.12409852120516, 219.9419414101695], [348.5346027305782, 201.21690855446292], [372.54573173020594, 214.86149836448223], [402.5979200360056, 232.75386256527372], [359.16940253183196, 245.41653215816063]]}, {"class": "cube1", "location": [226.98472477061793, 141.257103791039, 439.32751636889975], "quaternion_xyzw": [-0.6027990750725943, -0.3483827956839375, -0.0037134258368438705, 0.717808409836234], "projected_cuboid": [[355.4352314352233, 276.72479980303854], [313.35347589103867, 259.11200055197264], [333.37668241664323, 274.4634317029503], [375.6325231244675, 291.3722802451435], [386.0178380536911, 225.50112457912743], [347.31898240943315, 201.71698197107975], [369.6627291774871, 213.44749582677], [408.0822078371608, 237.28422122404135], [361.9110970935296, 247.92315616946703]]}]}