{"camera_data": {}, "objects": [{"class": "cube", "location": [245.7463199763341, 68.29598693915636, 469.4951901531093], "quaternion_xyzw": [0.15694394171116496, 0.8515057961219729, -0.3246453324560901, 0.3806729389453924], "projected_cuboid": [[370.94618883054454, 159.99387625898805], [389.30954098006407, 154.48914403356787], [406.47921737495636, 171.52525268043314], [390.70348504452625, 180.35816176712882], [320.13411024804293, 199.48399661091898], [344.26758483575736, 188.83831277971072], [358.99420272399095, 205.42480652880747], [336.63643466431813, 219.1745099875711], [364.3212392695506, 185.17610278295942]]}, {"class": "cube1", "location": [252.38576196484044, 70.73035247923453, 485.1599008948823], "quaternion_xyzw": [0.16861646259608168, 0.8538991813943569, -0.31355169493045876, 0.3796182439792217], "projected_cuboid": [[369.9415495975061, 162.54470118063992], [387.3509266286501, 154.71342010159543], [403.84987322658776, 171.32704584688372], [388.8916452172277, 182.36335515413654], [320.6163778372896, 199.90080674328505], [343.4879128097866, 187.53133817365608], [357.7236833065321, 203.6173464740187], [336.57066434473234, 218.93987627448485], [363.17537785172465, 185.29045444803873]]}]}