{"camera_data": {}, "objects": [{"class": "cube", "location": [243.34972289434893, 157.46762057787495, 414.64003567575526], "quaternion_xyzw": [-0.7324907062122675, 0.24775114265715084, 0.27605978233898854, 0.5708482575953788], "projected_cuboid": [[442.92801396316435, 317.034556170226], [345.38831810334, 292.8510658797235], [336.72050270246325, 295.0254162170339], [438.26940539447355, 321.0238670128424], [441.2011720764986, 240.21238937123786], [347.18555165079493, 228.13752423339676], [338.9064924020951, 227.19305967015742], [436.63989036255595, 239.76704818272037], [386.94025581102744, 268.6789476135981]]}, {"class": "cube1", "location": [206.67716544591593, 128.55709673067642, 344.57544875886356], "quaternion_xyzw": [-0.7275460615079744, 0.005724465230372239, 0.05257028566984074, 0.6840177804316583], "projected_cuboid": [[435.1292555147991, 307.559191098857], [331.0521463434559, 297.22225641393663], [342.2607667952433, 309.9047043547319], [456.2431776690437, 321.5273873322868], [437.22332035123713, 225.87421273914214], [334.433397016398, 217.55160995452886], [345.78553704237623, 222.98570770970935], [458.22533460853526, 232.20578360484865], [391.5406724276547, 266.2978873305909]]}]}