{"camera_data": {}, "objects": [{"class": "cube", "location": [240.17842032411636, 117.75233839050426, 476.0563334267302], "quaternion_xyzw": [0.006081104257663388, -0.7812753839084207, -0.314516018932873, 0.5391210147122574], "projected_cuboid": [[305.9702393474706, 209.8318771231868], [367.4058349829901, 254.92192772502284], [369.00288755012434, 270.5403556367318], [309.0847097039542, 224.21907922968757], [348.0651389620042, 180.6099773753795], [415.11396171093736, 218.2437174176427], [415.0659638272857, 234.4660606936082], [349.8995336573058, 195.3385268669484], [357.58196132525825, 221.48597850661554]]}, {"class": "cube1", "location": [237.6016263017749, 117.74970186386174, 473.3667661204928], "quaternion_xyzw": [0.014235051037730167, -0.7964961468950101, -0.29540905606888546, 0.5273753320888698], "projected_cuboid": [[304.8417007889452, 209.9930694494755], [368.57459314189254, 254.19678662726972], [369.29692252537257, 270.68194777633124], [307.2618583564179, 225.0566256902263], [346.22670293878605, 181.75457893119216], [414.7137537506302, 218.37533042553014], [413.9072756293759, 235.2312903318911], [347.4179412414246, 196.98126234262583], [356.66355019875107, 221.98485772779782]]}]}