{"camera_data": {}, "objects": [{"class": "cube", "location": [125.06132094706426, -0.9022496616384655, 427.8472085838546], "quaternion_xyzw": [-0.6733659486033302, 0.09364192386615536, 0.0529127842188524, 0.7314435908683538], "projected_cuboid": [[324.8807602332472, 162.12369466019263], [241.79955435236218, 164.61594659300536], [241.08937593113217, 168.95499804714046], [330.1230555720308, 166.50574395364796], [322.5870604293444, 96.41034840783514], [238.49479857744717, 101.97807001666183], [237.54455056307359, 102.02288544195589], [327.740838744097, 96.05007537431928], [281.9515676754055, 132.5817758895533]]}, {"class": "cube1", "location": [123.41522972456558, -0.40444352718033977, 423.19125914734525], "quaternion_xyzw": [-0.688117565484974, 0.0656157153784503, 0.026005863846731907, 0.7221582160524048], "projected_cuboid": [[323.5215158986255, 163.00517521083236], [240.20899319467054, 166.34843827586144], [241.38020624435916, 170.02804817392396], [330.86444103525724, 166.55767646664515], [320.812570022528, 97.08699213192978], [236.91195293887003, 102.40066089343206], [237.85607549986477, 101.51212769383825], [328.0194481261267, 95.77477258049214], [281.71143813296663, 132.99273277471]]}]}