{"camera_data": {}, "objects": [{"class": "cube", "location": [99.75615474548346, 94.49822631656427, 248.18190856590675], "quaternion_xyzw": [0.8603024825769201, -0.3618976790743912, 0.3190521662694393, 0.16466761536906718], "projected_cuboid": [[397.1709312706404, 216.08095375706029], [373.3552818744148, 346.1708671614423], [329.8396557091687, 305.0361068215316], [365.01338577542106, 186.63218739256018], [315.7521296055959, 247.4794188054413], [275.41475547575226, 354.4807240987092], [243.0620354059792, 323.25142114886637], [290.1231646811915, 223.4755428477382], [321.02748262131104, 269.032659982631]]}, {"class": "cube1", "location": [120.56426800095055, 136.63055894445213, 330.54936214195664], "quaternion_xyzw": [-0.5505816549119407, 0.23278281242717713, 0.7727534986875889, 0.21336361868653408], "projected_cuboid": [[280.2909610816678, 347.8394959592547], [282.9881367837986, 288.4994563742391], [265.9695125375378, 265.1429716901033], [257.84879476263137, 316.2430547422018], [368.4053560852651, 303.1338351214871], [348.3170381333728, 251.72639562303277], [329.5804055550574, 227.29678075630855], [342.8836051445948, 269.5122561711183], [307.76673081683464, 280.6445027603351]]}]}