{"camera_data": {}, "objects": [{"class": "cube", "location": [77.79441801735696, 163.13418575855835, 347.2930642954504], "quaternion_xyzw": [-0.19023026996228581, -0.6426302665771175, 0.2714346034303466, 0.690769166168923], "projected_cuboid": [[214.72458419315086, 292.8786927723331], [220.78458328119632, 263.1223988922752], [218.7839828435817, 298.5202914554044], [212.84394397240683, 322.427011877986], [287.6446297702769, 302.45732031927014], [312.1296204848332, 274.32774581944307], [315.759270808775, 311.39970652125703], [289.3077338053581, 333.12041692110097], [257.6096807131535, 300.7401064004333]]}, {"class": "cube1", "location": [86.72351283038341, 166.50771053562403, 362.1881723880542], "quaternion_xyzw": [0.008274212230497202, -0.9892561163306535, 0.06291666365453671, 0.1317018114869303], "projected_cuboid": [[207.8384543160387, 287.5113159161348], [320.3749051562089, 300.38954682048563], [320.9282805933068, 336.6980353292253], [207.11659688132713, 320.8445143451303], [220.10899145674074, 267.7773723717416], [311.326059016533, 276.7951579168696], [311.683400516548, 305.6666132172083], [219.6307629798293, 294.73396432962363], [263.1126913238973, 297.1749562056682]]}]}