{"camera_data": {}, "objects": [{"class": "cube", "location": [164.2475991240618, -30.293115206279992, 381.76575912420554], "quaternion_xyzw": [0.16671089756354018, -0.05525154774200694, 0.22763955957233492, 0.9577760563009419], "projected_cuboid": [[357.9845535897323, 103.23750240904518], [287.86927547711116, 65.21137770099963], [273.80653370988495, 88.34199478262678], [343.08252621822635, 124.62140351404496], [399.20099475449376, 124.91343250474424], [315.4368793248577, 79.44781903673054], [297.5488312561089, 107.32178443855746], [380.155153578476, 150.2496466670489], [331.1074516824708, 105.05387292777935]]}, {"class": "cube1", "location": [164.66797291770823, -30.249066096799506, 384.02542202647544], "quaternion_xyzw": [0.17100226484255984, -0.05414246961524282, 0.22131564598398662, 0.9585646578324115], "projected_cuboid": [[357.69664245597653, 102.63283767010498], [287.31658647374366, 65.83052547325879], [273.5697513252244, 88.93258391548764], [343.0420788829326, 124.01035382251268], [398.34640658621606, 124.66081703926862], [314.3399861194638, 80.77476296506438], [296.86611219280127, 108.53225521398153], [379.6169651836427, 149.9239886475484], [330.5953584318048, 105.26115259259657]]}]}