{"camera_data": {}, "objects": [{"class": "cube", "location": [144.4382891311363, 35.20316379118921, 424.4800460856463], "quaternion_xyzw": [0.6924576395300566, 0.3004611162076644, 0.41432034454267835, 0.5084920719163111], "projected_cuboid": [[351.27593389293355, 187.3883873858802], [319.7957204252726, 114.797873889503], [309.987869131731, 108.36064866835852], [340.0415038837297, 176.6898965947592], [288.3447850827989, 216.2251698157321], [253.54263936649056, 147.5712451519652], [248.38512148967908, 139.12608577303675], [281.3154774393722, 203.98623112738596], [299.0466144431213, 162.88953166258085]]}, {"class": "cube1", "location": [146.73810104037042, 35.85533112303449, 430.90300708953777], "quaternion_xyzw": [0.6966874631149226, 0.3151491707461192, 0.4009467556854312, 0.5045287682797225], "projected_cuboid": [[351.2126725781864, 187.75414987997135], [318.7126182754569, 115.45205016150531], [310.10280476383883, 109.3265398286375], [340.99438075124874, 177.35428194593436], [288.40466986920745, 215.54756611782832], [253.30032150148435, 147.25374332515187], [249.21827980938528, 139.24452813200216], [282.3653913001022, 203.73415685927824], [299.14111924217497, 162.98836337359995]]}]}