{"camera_data": {}, "objects": [{"class": "cube", "location": [109.85288098167818, 162.53029319282243, 440.55159406451577], "quaternion_xyzw": [0.8530767572477207, 0.25302713728921394, -0.4130678832048252, 0.19393874781390003], "projected_cuboid": [[275.8363282657546, 291.43029200981437], [217.0323584562364, 242.32465321598485], [230.50222950458368, 222.9058239120801], [291.5932045496512, 267.4227003828486], [305.97869061561175, 310.42335269538165], [247.82177330641483, 262.84575372550444], [259.82612467882683, 245.0706276744706], [319.7482516746654, 288.8860434953675], [266.6444320397763, 264.8139394239171]]}, {"class": "cube1", "location": [122.288609103807, 163.94431200013688, 461.2240557723725], "quaternion_xyzw": [0.8141249886358561, 0.3436270506054927, -0.4368756386595049, 0.16810898047601963], "projected_cuboid": [[273.60699934371723, 287.6281340547094], [228.77361629215687, 230.47091435089897], [244.60253163255672, 214.86711183973807], [292.8225281312791, 268.8889981729183], [302.2475422397338, 308.9277211644368], [256.74161783154545, 253.3072632950106], [271.2570440822738, 239.07471315201724], [319.5606709931255, 292.13244824704157], [272.270467343351, 260.01348035111596]]}]}