{"camera_data": {}, "objects": [{"class": "cube", "location": [274.8923510321336, 121.58888512026178, 459.66262986984907], "quaternion_xyzw": [-0.6373331926872688, -0.4962914872026702, 0.026026374273788143, 0.5889174722075879], "projected_cuboid": [[372.90001008340965, 265.8419336262718], [356.03958545481873, 227.99693015615486], [381.9761450241714, 238.27654671126533], [396.59801766436783, 276.80093303260793], [398.0449803785615, 219.07972155571292], [385.12765185194064, 177.60500143323446], [411.16767948978384, 184.59160232020625], [421.75842535871436, 227.2572981718385], [390.90926418148166, 227.60448972800987]]}, {"class": "cube1", "location": [278.6515180594471, 123.65336094241037, 464.3242462360892], "quaternion_xyzw": [-0.6415612524209806, -0.4937577571934604, 0.04334147016638996, 0.5854263007135249], "projected_cuboid": [[374.179170268959, 266.8953952607312], [356.20784399838664, 227.11960626036722], [381.533523583366, 236.98777514323388], [397.5842292874993, 277.6899832033366], [399.79170044521265, 221.21210194991212], [385.67971250378014, 178.413861667063], [411.17021004157675, 185.07842139353008], [423.25406674983697, 229.24373452249358], [391.6548382875889, 228.24262198425447]]}]}