{"camera_data": {}, "objects": [{"class": "cube", "location": [34.90904688020467, 67.50291146850142, 264.06385642667107], "quaternion_xyzw": [0.5563313685615641, 0.1031172976844769, -0.7965864801003072, 0.21286665073249783], "projected_cuboid": [[146.7250550549163, 216.01785006652796], [187.59551661854985, 216.96183612938157], [202.41284782095516, 187.28130903351018], [167.83913544145292, 174.49795461399913], [261.1630295629947, 284.3896906584779], [269.945087689033, 263.87299378270814], [285.5937750075481, 230.97568635152064], [284.0322677271405, 236.29114799874586], [224.89212579253956, 224.43738649899186]]}, {"class": "cube1", "location": [40.83656275652795, 86.12622285534013, 236.5894979624292], "quaternion_xyzw": [-0.023165675744429393, 0.2915278214042817, -0.40445184472729895, 0.8665411623871436], "projected_cuboid": [[287.20587838795996, 179.745524762801], [209.2576812946224, 257.55732980929554], [235.50689282536808, 285.87670596959526], [321.42234999679636, 211.10508228087213], [245.28168308131868, 226.98608389722756], [153.83784608435545, 317.1391861366662], [185.81972392317655, 356.06286512383195], [290.48314479303303, 272.4668482550672], [239.2923308419697, 263.0704059082361]]}]}