{"camera_data": {}, "objects": [{"class": "cube", "location": [328.3066346385859, 266.53365589039737, 532.1173847207533], "quaternion_xyzw": [0.491988789136019, -0.5050347550215355, -0.5799889298378701, 0.40804383202094097], "projected_cuboid": [[373.7330264533944, 292.60446041585624], [380.22520387952335, 353.605642253471], [368.9673855935691, 338.82992142916805], [362.5008247974786, 280.7451118025815], [428.94792460909434, 282.42730821774023], [433.77840410299154, 343.7894953301263], [419.651164740692, 329.5257068348984], [414.6705298922277, 271.1173039496891], [397.6631641481147, 311.8458875212053]]}, {"class": "cube1", "location": [336.57031327495383, 272.18380077501837, 544.8178195456447], "quaternion_xyzw": [0.47969328669680134, -0.5081660164592866, -0.5780030470252365, 0.4213954532781084], "projected_cuboid": [[373.4673416547221, 291.43222838303814], [381.11790528456896, 352.3791324611153], [370.4396693568577, 338.4629047528932], [362.95652709757763, 280.47025036747283], [427.774235519602, 282.00580691654784], [434.170687066594, 343.3874549955958], [420.6639049395612, 329.89869772219913], [414.3032602634996, 271.51445895523483], [397.942970026958, 311.3805242505838]]}]}