{"camera_data": {}, "objects": [{"class": "cube1", "location": [57.3783396282528, -10.02121518879894, 103.62929297872103], "quaternion_xyzw": [-0.34070209317917527, -0.5811904507486576, 0.08871135459393067, 0.733668889369047], "projected_cuboid": [[251.56536762705895, 181.03800347384953], [184.39798949456284, -14.055501143753418], [234.89845702435352, 77.57540771327825], [281.85963081372654, 245.6121139476062], [430.4500687689968, 107.27504491501968], [560.4708203026139, -192.83949874865746], [750.931690089488, -151.09613587702174], [487.2548223573039, 165.27683945424332], [375.106179030127, 98.86962482201633]]}]}