{"camera_data": {}, "objects": [{"class": "cube", "location": [67.64535130921942, 2.8514566483003208, 477.418302949928], "quaternion_xyzw": [0.23865114113865823, -0.2874867836214948, -0.35306491019054453, 0.8577541321779376], "projected_cuboid": [[221.81096222653912, 97.15847973457618], [181.39517601482098, 149.77949195861174], [191.29544009267696, 162.81247489726562], [229.71005613445192, 111.21396294750635], [268.78957862323125, 105.49602509755594], [226.47082158352944, 165.92720522059517], [235.78844091019965, 179.99034894626166], [275.82873185921295, 120.93821726061202], [228.2744835861425, 135.46192258163697]]}, {"class": "cube1", "location": [92.49540351014224, 1.820737065512171, 510.6943854853359], "quaternion_xyzw": [0.09902427816482161, -0.0012328877830988757, -0.453225907897954, 0.8858775021027037], "projected_cuboid": [[247.51819240936612, 97.97668561551433], [208.34753400662316, 150.4321824304818], [223.46760503567475, 161.20356843891304], [262.5013226386577, 109.42701890364249], [264.9392846951476, 102.70757216987462], [218.95397879498648, 163.76961248868133], [236.4349345225997, 176.1588692896269], [282.2276074574907, 116.01634614216425], [242.32584218029032, 134.6039375893798]]}, {"class": "cube1", "location": [388.7875927645217, 353.4947064061939, 652.0774475233309], "quaternion_xyzw": [0.06514530864400528, -0.41277348166307964, -0.3304466083938652, 0.8462737031235273], "projected_cuboid": [[366.59054324137185, 293.9267800573541], [361.3793382491043, 344.5498935195824], [366.4400415000858, 353.5176942606034], [371.10472071333925, 302.88598027402156], [414.0211983559966, 299.63257172060946], [413.64076436845136, 355.3780351881158], [418.13867717708865, 364.9174874943526], [418.0688246378228, 309.19493366742074], [390.2672278046109, 326.53367498400814]]}, {"class": "cube1", "location": [109.97878126633739, 300.26453501993694, 546.6871143635886], "quaternion_xyzw": [0.5069974801972589, -0.40219495334620065, -0.637013464667569, 0.4188157356268952], "projected_cuboid": [[219.98910670011864, 311.35846005312567], [226.3184364790841, 361.93569723749], [226.2840637280151, 344.9309731805266], [220.27527653404331, 295.97817564962884], [275.9330246657047, 310.9891754203122], [279.221935331711, 362.80066103579605], [276.576191577887, 345.36549619950017], [273.3071330280774, 295.2573269409866], [249.4736612677192, 329.077738491059]]}]}