{"camera_data": {}, "objects": [{"class": "cube", "location": [87.88551097795272, 32.46335360866621, 178.81535930859468], "quaternion_xyzw": [0.7944542468802034, 0.015402023541715893, 0.2712088270451545, 0.5431859713004568], "projected_cuboid": [[486.61169571686867, 174.59745727036042], [355.8717216974639, 102.7623493281207], [308.91483979899533, 80.49117950351761], [432.36586414138424, 147.59800627004284], [388.84873688274473, 293.91533054143156], [249.74652030166098, 263.56170322041], [223.49315137413305, 220.730433118701], [351.16984735862025, 255.4788592585358], [352.93845596544486, 198.03459035585337]]}, {"class": "cube1", "location": [-5.667715333323663, 17.369816566839894, 53.97605219018427], "quaternion_xyzw": [-0.794930107697455, -0.09052102635402244, 0.5428872949902215, 0.2552752487064251], "projected_cuboid": [[-586.2965638371948, 2520.3809479546126], [-55.777222411782276, 217.0508707749104], [-120.95825546699456, 113.73978496178825], [1715.4007646429534, -2263.460064393372], [763.2984242078137, 568.1339946892715], [218.55341116736525, 123.33116523109737], [210.34737320049823, 29.145154448654324], [1206.1946299508527, 416.32391000720077], [140.35542678655307, 248.02141027249178]]}, {"class": "cube1", "location": [6157384.676610874, 2695383.1011456843, 7014755.571130258], "quaternion_xyzw": [0.5384347953995492, 0.4243456902322487, -0.7255199672703703, 0.060328130887363704], "projected_cuboid": [[490.6058543126741, 270.2745395487479], [490.6042395220135, 270.2710375039627], [490.6058062940081, 270.2703959029709], [490.6074211070665, 270.27389794839087], [490.6090359365911, 270.277400029521], [490.60742110706656, 270.27389794839087], [490.60898788762813, 270.2732563536976], [490.6106027395508, 270.2767584354627], [490.6074211070665, 270.27389794839087]]}]}