{"camera_data": {}, "objects": [{"class": "cube", "location": [276.80273508359954, -59.96126157857311, 877.0244195244641], "quaternion_xyzw": [0.4993515307852219, 0.7483622703781869, -0.41775388625857673, 0.12682133689847794], "projected_cuboid": [[277.230703122619, 107.44407504742509], [289.23172986795134, 83.52734785486194], [301.5621460461614, 84.53621074304937], [290.2597303912901, 108.96738990618216], [279.0056540629213, 133.29407930516436], [290.259730391302, 108.9673899061811], [301.9466328715462, 110.33378755305748], [291.3188552900231, 135.17767029935422], [290.2597303912965, 108.9673899061816]]}, {"class": "cube1", "location": [3036223462.6758366, 5972178174.923907, 10174118352.825514], "quaternion_xyzw": [-0.945894441657182, -0.08563607494225721, 0.29227881689629437, 0.11190737734499254], "projected_cuboid": [[284.13356020920924, 342.53258708462585], [284.13355679820006, 342.5325851904723], [284.1335569817936, 342.53258434280815], [284.1335603928028, 342.5325862369617], [284.1335611399486, 342.532585308937], [284.1335577289395, 342.53258341478346], [284.13355791253304, 342.53258256711933], [284.13356132354215, 342.5325844612729], [284.1335590608711, 342.5325848258726]]}]}