{"camera_data": {}, "objects": [{"class": "cube1", "location": [47.330624241427756, 32.3018246411967, 65.0678085046217], "quaternion_xyzw": [-0.4197803094074924, 0.4974244514921592, 0.6807220361111836, 0.33611146431521627], "projected_cuboid": [[711.6112182003633, 1506.0229860058366], [410.0780984935649, 368.25071481913426], [311.1330240806782, 321.1163731710773], [218.5174402697606, 900.7294085918523], [2427.7419972951348, 138.520632368564], [507.69652051144305, 119.25136656237476], [387.2807089505446, 93.67319300862397], [589.0246836792677, -16.989872387342217], [437.01670054896385, 310.2566331574259]]}]}