{"camera_data": {}, "objects": [{"class": "cube", "location": [143.84148277668172, 46.507190526031884, 219.5892942042725], "quaternion_xyzw": [-0.13170086378457, -0.582950336870577, 0.34977439313554, 0.7214441496938925], "projected_cuboid": [[326.2264967391751, 210.27892094066294], [367.8129615088594, 122.90756676363566], [365.9388934035868, 163.6323614837144], [322.0191389200535, 245.28771262503207], [444.0699616272464, 241.57460255114347], [540.0685433186522, 156.1369916887748], [557.0300129529808, 206.30007023459405], [448.387454500345, 282.33587243220177], [411.2295332865143, 208.81354295365225]]}, {"class": "cube", "location": [33540566.969304103, 21860966.034470767, 132106555.96073523], "quaternion_xyzw": [0.5198786585239447, -0.4875770638422002, 0.30217886760537244, 0.6329950388424048], "projected_cuboid": [[268.26146477250063, 192.3083453695477], [268.26143633176883, 192.3084205135573], [268.2613568723132, 192.3084380497587], [268.2613853129909, 192.3083629057615], [268.26152930462206, 192.3085504371507], [268.2615008638388, 192.30862558104135], [268.26142140436144, 192.30864311724622], [268.26144984509057, 192.30856797336793], [268.2614430884265, 192.30849424342793]]}, {"class": "cube1", "location": [44.15787197939211, 9.458395246603892, 143.11663284209374], "quaternion_xyzw": [0.2665825339710507, -0.02285851641180683, 0.6321689819747895, 0.7271682192161474], "projected_cuboid": [[327.92572002299994, 203.06029575678582], [317.78537750739076, 9.242658207678915], [247.97325223486936, 21.188343923452493], [270.4142525150614, 202.44380217351627], [341.2901949756473, 339.6216033578796], [328.7931026865469, 48.93657247589158], [207.74533682076517, 64.97333928700179], [252.99666677589966, 327.61292939379257], [287.7396642329812, 156.88661924894262]]}, {"class": "cube1", "location": [86.65117446045998, 54.820135733159475, 76.52180097288729], "quaternion_xyzw": [0.22681306052938532, 0.5206132267662341, -0.8196297619395129, 0.07566212415945377], "projected_cuboid": [[289.5659751079742, 273.32982211892534], [500.8706661412834, 191.2486896836958], [617.6466122507361, 158.06524062373256], [407.5831550525926, 249.479157659274], [510.9579603006364, 835.6996934439138], [681.3512233737997, 468.7506545842375], [904.9540242739715, 516.5521848961824], [948.6410152891781, 1289.6478532462472], [581.3427147533508, 388.64994917724306]]}]}