{"camera_data": {}, "objects": [{"class": "cube", "location": [6617.8986310570235, 1194.6144394347705, 12690.155784127339], "quaternion_xyzw": [0.2627062876204903, -0.18345597621329635, 0.863952921761298, 0.3884773612662686], "projected_cuboid": [[362.5987707331073, 167.20138901709106], [365.03986680272305, 165.74655988532595], [364.4431010754351, 165.223712097138], [362.00414839801476, 166.6813736075464], [362.8250420741691, 168.5418566376187], [365.27949366440254, 167.08603522845345], [364.67978765549776, 166.56091429347833], [362.2275004570398, 168.01959322678744], [363.6340887658388, 166.88274911381566]]}, {"class": "cube1", "location": [189.36494630915954, 90.61828223116478, 196.99193509168765], "quaternion_xyzw": [-0.35756421855901205, -0.11013944892195174, 0.7416087233594215, 0.5568066386409745], "projected_cuboid": [[458.179850425925, 384.2981962862814], [430.6684817336717, 217.48186764658465], [414.9907937629117, 207.45004273031566], [441.6102259987791, 386.45649165115054], [680.7351830478764, 433.97567424559713], [599.1211034373596, 208.10104713973664], [594.1829835537301, 193.9843690654372], [684.2169436711865, 443.030190890962], [520.3682639223712, 297.27582621941553]]}]}