{"camera_data": {}, "objects": [{"class": "cube", "location": [116.5120487409634, 270.54584839623044, 504.9420829063638], "quaternion_xyzw": [0.194970800258272, -0.6349982928226764, -0.22521826978441292, 0.7127694480785852], "projected_cuboid": [[230.56961887176342, 284.6180175323175], [232.8127558124715, 355.5101733866921], [232.50707123128592, 366.06094878059235], [230.37653012781453, 295.7716990954036], [284.6555581959016, 286.8555175837854], [296.74992371400026, 359.63148197534895], [294.12582921843784, 370.24525443729226], [282.7940879965216, 298.1311356411595], [260.0121587070855, 324.2850039654568]]}, {"class": "cube1", "location": [98.59122258760422, 25.554441472045674, 221.2812499101066], "quaternion_xyzw": [0.5077457671087281, -0.58777809239514, -0.11156311581513284, 0.619890975311884], "projected_cuboid": [[309.66619226851736, 75.00608776670185], [297.9021920613356, 207.36610698487897], [258.4301012098707, 224.01104780761239], [278.6610851417974, 99.47233109589308], [397.3578145708468, 135.96206652559343], [415.4351646887453, 276.66936307185165], [366.3062683205549, 284.4813783115372], [360.8741487472433, 153.82124615912971], [336.5658191796923, 174.49054392437196]]}]}