{"camera_data": {}, "objects": [{"class": "cube", "location": [893259194.8790139, 347990856.9156356, 2695480418.2155123], "quaternion_xyzw": [0.6932279488320019, 0.4267736131161282, -0.5758151764658711, 0.07573755117217898], "projected_cuboid": [[295.8820092807073, 179.3437143186418], [295.8820058617138, 179.34370617546003], [295.88200906269304, 179.34370389724705], [295.8820124816866, 179.34371204042878], [295.8820159006803, 179.34372018361063], [295.8820124816866, 179.34371204042878], [295.88201568266584, 179.34370976221584], [295.88201910165964, 179.34371790539768], [295.8820124816866, 179.34371204042878]]}, {"class": "cube1", "location": [44.85292728681712, 3.1842383851060987, 182.45807449014063], "quaternion_xyzw": [0.8120127464427704, 0.5407649901222432, 0.21924930328438164, 0.011758744910599882], "projected_cuboid": [[317.2148529038359, 272.4095302057542], [264.69091547894425, 59.26994075559166], [329.8563832478897, 30.19757150587934], [366.5956258973166, 239.51150759209656], [228.41964339989076, 202.2595266181424], [179.68133047590212, 54.90519648754747], [225.08253046866497, 36.233852565966956], [265.7516393210391, 181.53661607426886], [265.3874106418287, 139.55299329190993]]}]}