{"camera_data": {}, "objects": [{"class": "cube", "location": [384.18340816327225, 41.62696016568235, 412.50247068120785], "quaternion_xyzw": [0.573010275187801, -0.475765830208585, -0.4056729670746189, 0.5298448292849629], "projected_cuboid": [[500.6796346789285, 118.73293727246566], [484.04853911537333, 207.40679270080307], [459.4461511006149, 202.5249384353034], [475.1384523905035, 120.11326588134517], [562.0835585465281, 134.66217637803229], [546.4188661582739, 221.55246340782517], [517.993577830856, 215.7893591226104], [532.8394044563083, 134.92035972444228], [509.69990599860307, 169.29769024196074]]}, {"class": "cube1", "location": [346.68904112592986, 34.076529335649305, 366.43106345486285], "quaternion_xyzw": [0.6339744582363603, -0.4309142127438083, -0.4354783383342685, 0.47196180396396653], "projected_cuboid": [[518.6290154089304, 112.245422613052], [479.31267006894257, 210.02974836438833], [452.41722918277696, 199.01892331837405], [487.5356933000577, 108.58647533128968], [582.8045574816551, 131.18052187223068], [542.4445805031698, 224.46871448974923], [511.8377025575032, 212.78135934976336], [547.9325371372885, 126.20362947620121], [514.9656815321334, 166.47598317480248]]}]}