{"camera_data": {}, "objects": [{"class": "cube", "location": [19.682904333696467, 2.080234844033548, 120.08611634110605], "quaternion_xyzw": [-0.45338330801403326, 0.8291028952275737, 0.18875944497993621, 0.2672112218271787], "projected_cuboid": [[309.6554986926228, 32.95986753453829], [375.5663825991155, 281.1724246554919], [296.3772209391293, 324.5259493673549], [150.3871004909715, 130.375559234858], [175.66985193963362, -46.549309466353606], [264.13319491783403, 142.48050259252213], [213.39719985444663, 172.56774161384152], [100.9017641164657, 1.9923502883487743], [236.19226081149372, 139.5070077536734]]}]}