{"camera_data": {}, "objects": [{"class": "cube1", "location": [52.041149589960185, 31.875839622339747, 155.8802639246976], "quaternion_xyzw": [-0.4418616798147232, -0.4943661904003122, -0.39680690861246737, 0.6347476687454711], "projected_cuboid": [[239.377738645063, 237.8971156873431], [230.89703492434626, 348.21383764220536], [325.39560569649103, 386.9879045604049], [289.4443753547849, 255.6607153671717], [281.3071325226326, 108.66270423685302], [311.2328053383312, 108.37068793866169], [418.9729834293648, 138.72485190224498], [334.8970055203823, 123.98432010045371], [296.7594051621526, 206.21103304581231]]}]}