{"camera_data": {}, "objects": [{"class": "cube", "location": [57.31922814607645, 154.1134515922833, 316.65343379582504], "quaternion_xyzw": [0.40945129599122476, -0.7453640916803675, -0.05400351671126207, 0.5233217243985038], "projected_cuboid": [[206.90623724505667, 238.70346218566846], [231.72174773731638, 362.6275935364977], [206.70480954022807, 375.7663423107691], [188.35728003465078, 254.53906365520623], [268.6735152394813, 255.6415106505874], [306.1035345086158, 368.60502473759425], [280.2925809881372, 379.9080720952021], [249.3835138351982, 269.3020087707344], [242.28974528140714, 306.7858082280792]]}]}