{"camera_data": {}, "objects": [{"class": "cube1", "location": [117.22863380213974, 16.153866863267094, 301.38483593832746], "quaternion_xyzw": [-0.7626931440009913, 0.29521171902599447, 0.4995716628936475, 0.2856175111530735], "projected_cuboid": [[354.69666068842525, 202.2392751972245], [271.18484181856763, 200.65049457116936], [248.70100395566703, 180.1884522384789], [324.9396995061742, 173.84500755041975], [399.57765313102175, 118.33785056629773], [310.7822074981319, 138.34634802852625], [290.45410050329764, 118.69079739813671], [373.55173830217825, 91.49442567967156], [316.40115083711873, 152.43535167056936]]}]}