{"camera_data": {}, "objects": [{"class": "cube", "location": [297.71644916377215, 6.172459818194087, 395.2124750067757], "quaternion_xyzw": [0.18317683516441577, -0.46519669494755306, -0.35630746710209255, 0.7893562383083527], "projected_cuboid": [[400.7980166905204, 101.4894938956007], [406.9275803363689, 165.89521916782462], [406.7375548396561, 182.7671168690638], [400.884231479252, 118.75817111020052], [485.583063640653, 95.22679250452804], [507.69449581584604, 166.18121935882647], [502.18746776495584, 184.94305438027635], [481.8707367932411, 114.44252098823814], [446.248135449567, 138.89944330058523]]}, {"class": "cube", "location": [639818.4823013986, 806005.3001131559, 2326654.4588965927], "quaternion_xyzw": [0.8553698959132567, 0.43950748214113966, -0.12852540290376244, 0.24219152568933028], "projected_cuboid": [[275.78802875126235, 256.80082260024295], [275.7773117875013, 256.78796250675424], [275.7806722159701, 256.7852019094102], [275.79138920059427, 256.79806190157933], [275.7852510227952, 256.80367718565736], [275.7745344237827, 256.790817414766], [275.7778947648726, 256.7880568869764], [275.78861138474736, 256.8009165565536], [275.7829616270849, 256.7944395786118]]}, {"class": "cube1", "location": [156.9046767268752, 184.58164791346653, 395.1637206251233], "quaternion_xyzw": [0.2096236848614443, 0.06433595495097172, -0.8847393533039417, 0.41128466098431077], "projected_cuboid": [[268.49627053204534, 262.1245200860506], [305.26245205571854, 305.33794176684376], [322.5660926726227, 289.2625695212711], [287.7415711540266, 244.57618698867378], [314.8732735775877, 313.98674748986525], [353.4658228197213, 359.6426121343771], [373.830355987129, 340.2666016032142], [337.9865021859532, 292.42295255656177], [319.2864246538144, 299.80319120666303]]}]}