{"camera_data": {}, "objects": [{"class": "cube1", "location": [88.40807479664136, -1.7056438474154758, 375.98934856243824], "quaternion_xyzw": [-0.466508221322514, -0.47408734760151194, -0.21622569508820436, 0.7147431112408782], "projected_cuboid": [[244.63474452708004, 160.39366191721234], [214.34429484467992, 153.49893433673236], [240.24860300292713, 169.62782721542166], [266.0891952512179, 173.3549774672336], [278.22948957182666, 102.11714959279422], [255.94074064161828, 79.70317117856769], [284.38846992747835, 93.10553876927841], [301.30781824010626, 113.39401665518636], [261.5771079078666, 131.71660531179572]]}, {"class": "cube1", "location": [343.13398651842317, 292.08934383196043, 534.6378626678392], "quaternion_xyzw": [-0.30074422465462153, -0.24335232044575836, -0.5638380488476821, 0.7296706203090505], "projected_cuboid": [[379.92786389186324, 302.09710246075946], [389.87693207246116, 369.6383989435293], [411.5881996891096, 375.5862199533269], [399.0228590912617, 306.7906353847877], [401.6036328736736, 282.0939790502928], [415.900780258339, 354.6886418838792], [440.47804693777914, 361.1895431488123], [422.8834027507008, 287.0925879626965], [406.5104372738596, 328.0397018368878]]}]}