{"camera_data": {}, "objects": [{"class": "cube", "location": [43.19425596905985, 31.868896458560037, 98.30322469843043], "quaternion_xyzw": [-0.4178509367629376, 0.3620430362718835, 0.8318335887018535, 0.04876797351507189], "projected_cuboid": [[127.36402228933866, 430.83441602549317], [315.50761939646554, 333.33236424630945], [275.06186228126995, 262.7555750231285], [89.42754760302338, 280.9786592507964], [583.479322918819, 190.5573513272775], [523.8419223740889, 224.03549391995142], [446.0652071734378, 150.69400945319302], [383.3734908546693, 29.51543087094278], [334.37439949003874, 248.8709531197024]]}, {"class": "cube", "location": [74.82721241575842, 26.645311039620154, 110.94914316177902], "quaternion_xyzw": [-0.04364272613849606, 0.4467006958063602, -0.8773646669903987, 0.16966155114857573], "projected_cuboid": [[260.337827250789, 101.44517088499066], [478.4010874466827, 182.73198651434234], [557.1422844232115, 146.19491310225246], [300.1705470634611, 46.25553465995952], [233.46089979581984, 315.54538615414765], [554.8192071887443, 418.9863507023665], [704.4972017220205, 432.1125336222235], [290.9398070100517, 295.3087789979493], [418.13643519093176, 218.9229334410374]]}]}