{"camera_data": {}, "objects": [{"class": "cube", "location": [164.17658948670154, 52.64521777216462, 199.12242006675763], "quaternion_xyzw": [0.7358252715626811, -0.2853165776844734, 0.329106596008571, 0.5185021395247833], "projected_cuboid": [[525.2185636668596, 157.94990293131528], [560.4531142908946, 191.28323235004945], [467.68398619465614, 164.83970617410475], [465.5639592613729, 142.6419305652287], [474.2346235002912, 269.20166693963677], [480.5168382576076, 352.2820401276929], [405.68422813207167, 313.1895354278542], [422.5787247022921, 247.58374527604937], [471.62069254908556, 227.55763344401475]]}, {"class": "cube1", "location": [19.16778550203233, -14.762953159802187, 85.60548787982337], "quaternion_xyzw": [0.0018792387212443998, 0.5060570448172522, 0.4164754823106736, 0.7552820059333798], "projected_cuboid": [[567.4027220678709, 272.9201871534824], [313.59616643091545, 30.857824651611494], [257.2224025575713, 86.24381097923136], [408.33271859441106, 343.8988926108576], [260.02902971293514, -27.7479150557962], [144.60684788933935, -131.96984629203743], [87.79377727132966, -38.299455727306565], [34.09361508730453, 235.49590390637235], [257.576234006656, 71.87287555606183]]}]}