{"camera_data": {}, "objects": [{"class": "cube", "location": [2237566.5556345703, -132140.35390143865, 2905138.215186131], "quaternion_xyzw": [0.6679757351873954, -0.152212599362373, 0.7070900834935165, 0.17510955319839147], "projected_cuboid": [[452.2720701350343, 117.12296727978402], [452.282067335194, 117.1218671161009], [452.2803546075892, 117.11858616123658], [452.2703574681911, 117.11968643740968], [452.26378593147905, 117.12734825607859], [452.2737828639327, 117.12624824103287], [452.27207013503596, 117.12296727978668], [452.26207326334395, 117.12406740732285], [452.2720701350351, 117.12296727978534]]}, {"class": "cube1", "location": [54129590.95274954, -3362951.3944454663, 70219128.37239589], "quaternion_xyzw": [0.20820255610137423, 0.6770378251916853, 0.06965186256796752, 0.7024386784149773], "projected_cuboid": [[452.50652792025545, 116.26504559784334], [452.5061298106021, 116.26487526286886], [452.5061124358226, 116.26501566703912], [452.50651054538736, 116.26518600216984], [452.50612886362836, 116.2651261343587], [452.50573075450063, 116.26495579927911], [452.50571337978715, 116.2650962034355], [452.50611148882626, 116.26526653867133], [452.50612064971943, 116.26507090065817]]}]}