{"camera_data": {}, "objects": [{"class": "cube", "location": [118.4807345861495, 36.36947286877718, 280.2751820971912], "quaternion_xyzw": [0.34271252992441575, -0.5916649052315242, 0.6036375221528805, 0.41000305315852065], "projected_cuboid": [[292.5740966902496, 133.84870533745288], [397.3270599373334, 120.99670486378164], [368.05502656317987, 121.98265598279116], [267.25358738278, 135.07872760991327], [300.573771656826, 220.08003706258881], [410.608252376256, 239.35064275284185], [381.42687008260674, 247.1593380978034], [275.1659334374208, 224.87591667836062], [328.4340614984488, 179.5795829234357]]}, {"class": "cube1", "location": [48.71722460713197, -12.531206676323265, 82.99047992916034], "quaternion_xyzw": [0.35483325766019813, 0.06469258339293481, 0.829051987795908, 0.42729501570209427], "projected_cuboid": [[352.51988589835156, 204.96389766430985], [640.4073959759393, -84.20840912710031], [501.6097304033281, -127.850953335598], [288.9948506104099, 152.82883151892904], [244.13941408462046, 337.94985731093277], [1079.0381490406564, -438.21572452119995], [526.3897916301252, -427.86042460517115], [152.48458402483985, 231.0248136995176], [386.9858407062778, 79.52013900521303]]}]}