{"camera_data": {}, "objects": [{"class": "cube", "location": [45.84033057785273, 15.472870557919205, 119.28693672401477], "quaternion_xyzw": [0.2166294073387138, -0.8683731141561243, -0.1548573235306916, 0.41835277438518687], "projected_cuboid": [[148.39368860720944, 77.03399177085808], [470.6933101935647, 335.0252891574481], [375.1180854787582, 428.5417224692203], [131.79040826473766, 150.668381518237], [290.16936539641745, 78.27911218617297], [552.9152494394275, 217.17776594178005], [487.1524625765031, 285.8355246062214], [267.4751129017486, 132.45327019071556], [314.73313038891865, 179.56102009853703]]}, {"class": "cube1", "location": [89.14690019734708, 31.807387207956083, 183.04322472165828], "quaternion_xyzw": [0.14273847066471887, -0.7960961659571085, -0.18411103034503956, 0.5585335728906338], "projected_cuboid": [[238.45243006227446, 137.03409000783685], [377.92520906471896, 265.949926920773], [356.19133381561824, 322.93299412000385], [233.64344876054213, 180.25940131498686], [348.49739956698096, 120.09576906224596], [527.2754814233372, 217.68789402129033], [496.2368281984227, 269.9924900273628], [338.0509251081318, 159.89452357355668], [351.34860924413334, 195.2629644504628]]}]}