{"camera_data": {}, "objects": [{"class": "cube", "location": [49.35758002774986, -14.655835764338077, 269.2753358875557], "quaternion_xyzw": [-0.26665525277983865, -0.11735807048750818, -0.8529929411601044, 0.4330416859696119], "projected_cuboid": [[207.22535119154418, 109.35249300279554], [275.71662842170014, 192.09304083472682], [307.29283144616716, 168.99622548677385], [233.28231272029024, 89.92147131266492], [176.52345198347413, 56.826151891241025], [258.6249444090559, 151.89174451631115], [300.2191854194126, 121.23323124514963], [209.04273373907375, 32.31211212019019], [243.10308150956718, 113.93617240667652]]}, {"class": "cube", "location": [422.7573986297236, 124.42207603861009, 422.764759170676], "quaternion_xyzw": [0.717862150631578, 0.17692582890724942, -0.5689533554939792, 0.36008785459694387], "projected_cuboid": [[565.8522004943875, 228.54962080246617], [464.05770610304063, 221.0936501685876], [473.3695117671599, 203.93645029169053], [574.9391101961589, 206.90244966618104], [610.6036805831852, 281.33215708950456], [501.41787280129046, 263.36705045633556], [509.84500402511327, 245.64067257330058], [618.4104776222027, 258.8039244786934], [534.1604617620366, 238.2206127736411]]}, {"class": "cube", "location": [45.654792098293086, 77.23412225901616, 142.09051141622135], "quaternion_xyzw": [-0.08354668269631997, -0.7588462389508941, -0.5189249386393648, 0.3845637079843265], "projected_cuboid": [[140.31019168422205, 338.3759281474755], [382.78300397286284, 595.7993203104895], [393.19527389636056, 549.2466711555517], [176.09893209341692, 340.23853689581404], [225.87698193683556, 180.81351262396873], [492.52525064226387, 304.32289839159534], [482.95061128634325, 312.8425085902297], [249.59312914744982, 200.2555522107706], [292.28831381703634, 327.05058258420075]]}, {"class": "cube1", "location": [3538.4482787944535, 1306.4294125858162, 3696.861371440882], "quaternion_xyzw": [0.21992481856680896, 0.8129654467492374, -0.5359067110390573, 0.05936542456235908], "projected_cuboid": [[515.3172100403418, 257.45197459505584], [520.904543365432, 253.51605490733226], [524.4886769953803, 255.29770523458376], [518.8951537801054, 259.27717595616724], [513.3402573166795, 263.22916596088305], [518.8951537801465, 259.2771759561878], [522.4332983446925, 261.0820747317748], [516.8720767741213, 265.0775402100593], [518.8951537801262, 259.27717595617764]]}]}