{"camera_data": {}, "objects": [{"class": "cube", "location": [79.61713779798679, 50.0689008404314, 180.7693197769425], "quaternion_xyzw": [-0.16437187482340213, -0.5973266207085755, -0.2814505178267963, 0.7327812777186258], "projected_cuboid": [[246.2905685367369, 209.31600125926542], [261.05733928745246, 316.68333654608625], [304.8838753637341, 371.86034015772947], [272.60946015230496, 243.5095754149702], [354.30462947589933, 140.45445485210627], [457.2744138292245, 209.4359393733058], [503.1368989800682, 275.314649403814], [381.4382963480948, 178.41025210932025], [334.74392287004537, 232.0447737504773]]}, {"class": "cube1", "location": [120.14484551723527, 62.07514956981709, 218.79541382175057], "quaternion_xyzw": [-0.31390698459068506, -0.33765673627214654, -0.45867525289320527, 0.7596494888161116], "projected_cuboid": [[322.0030010080615, 213.00371505813825], [317.2793713681274, 328.85087049312995], [369.5628563636312, 354.2802945454989], [359.3793890382635, 229.06154396756756], [376.7503865591683, 134.2784203549489], [398.3622461588698, 243.9485619763963], [468.99077372091057, 274.23143674986295], [422.67043711785584, 151.80929119374665], [373.47789439218775, 234.44556962920882]]}]}