{"camera_data": {}, "objects": [{"class": "cube", "location": [136.64402120492693, 32.525925419077254, 155.04127183538435], "quaternion_xyzw": [0.23163277760145218, -0.6754349365493274, 0.6824112133432698, 0.1563612443433747], "projected_cuboid": [[374.1544421435917, 111.87871137683736], [661.6426374151067, 129.04954552386474], [719.8562563746225, 124.51005658178228], [370.4434219163263, 106.15885779670816], [357.2199442965228, 257.4726448212936], [635.2366422135748, 328.44627453643113], [686.8980590421245, 367.50006577283034], [350.99694928313795, 273.69993031514196], [491.8774385586788, 208.09973767820696]]}]}