{"camera_data": {}, "objects": [{"class": "cube", "location": [126.02389041959461, 47.771541618668934, 163.01966518949908], "quaternion_xyzw": [0.43436470267530586, -0.2193343625178411, -0.8527631893765437, 0.18977535491477984], "projected_cuboid": [[335.9899581596833, 240.17967086054364], [380.132287575178, 294.27951287935593], [371.91860218527006, 243.1993416885513], [328.86614785477684, 173.50343321469524], [634.5885075290894, 225.6730220759272], [572.1326582508442, 299.15645339284384], [545.057434493224, 235.8849285309426], [583.6995697801559, 137.03225539343697], [453.2875711998509, 237.77009940199176]]}, {"class": "cube1", "location": [123800020326.45485, -1094195410.6896214, 241353813884.3257], "quaternion_xyzw": [-0.3180695718868808, -0.37531947882011435, 0.8441636301335405, 0.21296666832548525], "projected_cuboid": [[360.5838870087371, 131.71761790944595], [360.583887084562, 131.7176178213501], [360.5838870966874, 131.71761779339548], [360.58388702086256, 131.71761788149132], [360.5838871223202, 131.71761796802028], [360.5838871981451, 131.71761787992443], [360.5838872102705, 131.7176178519698], [360.58388713444566, 131.71761794006565], [360.58388710950385, 131.71761788070788]]}]}