{"camera_data": {}, "objects": [{"class": "cube", "location": [46.02551820209537, 15.671568221788695, 118.81486284480356], "quaternion_xyzw": [0.21705881786226944, -0.8702372997753326, -0.15580526734916933, 0.4138806957738257], "projected_cuboid": [[148.39636131831065, 77.46309243249686], [478.0810289337405, 339.22925131909216], [380.0754670466739, 432.25276953514356], [131.4915599171445, 151.5768161774206], [289.76662366456964, 78.1287292818842], [553.6233338014111, 217.4445976571635], [487.60474148307173, 285.8821983265164], [266.8986016465361, 132.41982798453702], [315.83275591637766, 180.34069126804786]]}, {"class": "cube1", "location": [40.840304357148604, 14.874161654311465, 118.46321448169701], "quaternion_xyzw": [0.19049198822904315, -0.8163996586531586, -0.10853764360023817, 0.5342508583926282], "projected_cuboid": [[150.39327086289325, 78.90576674397398], [340.1449976705849, 273.43833121642524], [280.8061397541071, 394.87120572122535], [138.535485269722, 147.7055122118105], [308.36775241101026, 93.66299577536626], [577.8470854318664, 230.02380256720065], [510.51784198423036, 316.61333027849594], [288.70679359112575, 149.26694348882015], [300.64318165365387, 178.08128288313054]]}]}