{"camera_data": {}, "objects": [{"class": "cube", "location": [226.91598541917656, 177.74960472180464, 343.04514506623184], "quaternion_xyzw": [0.17002655328698413, -0.2520947769377273, 0.6905088931201724, 0.6563053124423267], "projected_cuboid": [[383.2093854057498, 305.552275282241], [424.72236561247223, 249.7042812790875], [396.7001663776746, 250.61357330555103], [358.74291660918016, 306.85438945091903], [430.58177015231763, 386.34711426654263], [491.0603572782428, 333.76996591412956], [457.4062637406628, 336.015266348955], [401.90644795006915, 388.80050428900154], [413.5203238471996, 317.997028588407]]}, {"class": "cube1", "location": [118.08364183469092, 17.95917109568718, 306.33075493068054], "quaternion_xyzw": [-0.7761920727290028, 0.2922708337879127, 0.4768592535716847, 0.2910478968015897], "projected_cuboid": [[357.0888109448798, 202.59616194916634], [269.68421815605655, 202.51283046836699], [247.71816448515722, 182.48277882393424], [328.7655618027015, 175.0692875969326], [396.10852572317265, 120.31082467132457], [306.201304200969, 140.50945555133183], [286.5685239553744, 121.24867972242541], [371.64293977077324, 94.24895868590181], [315.1577085618811, 154.22724923676836]]}, {"class": "cube1", "location": [100.03895778089486, 69.79498728824635, 114.21099165331918], "quaternion_xyzw": [-0.17559806695738986, -0.6755060156809932, 0.3123018413430241, 0.6444567491720251], "projected_cuboid": [[304.4069405881089, 314.3789372100799], [459.4339825516169, 210.5619531336547], [514.4283890341878, 350.61216965578933], [309.2504415438483, 394.25662437783785], [479.68060939630766, 351.339408226227], [795.6500514127599, 278.15157123469294], [952.3387235725872, 442.7022858159846], [508.6825905208551, 437.4578032287021], [489.94364284055126, 351.12461252278564]]}]}