{"camera_data": {}, "objects": [{"class": "cube", "location": [-2.0588078113477824e-05, 2.344662647333557e-06, 2.533447434317964e-05], "quaternion_xyzw": [-0.49124002171067843, -0.23998053213508053, -0.522064303732173, 0.6546307722941972], "projected_cuboid": [[240.49522294850792, 210.86747029078418], [597.5569680258918, -943.448653364264], [123.41784796653799, -526.8964909987997], [445.4724878933581, 222.82834226269551], [123.41746537921637, -526.895363672462], [445.4730356372394, 222.82839780406528], [240.4955048368333, 210.8675059338991], [597.5551132572937, -943.4457518124144], [-111.84189949787583, 166.31652076336758]]}, {"class": "cube1", "location": [22.21884062952477, 6.208670693053669, 36.62765070676018], "quaternion_xyzw": [0.34920248938594756, -0.8755835438766019, 0.153991973559225, 0.29613772332899907], "projected_cuboid": [[57.8377711242113, -333.4582501813727], [-473.36429825057877, 96.95205647661318], [-146.1025722868239, -184.1707982435672], [-157.71458000009017, -146.9355108575942], [249.66976403909902, 92.77109577432284], [924.2939891225333, 521.2349756598942], [752.1301733168218, 755.5014941029457], [174.4478046795563, 169.24612975867777], [393.9682178295103, 193.7440123443685]]}]}