{"camera_data": {}, "objects": [{"class": "cube", "location": [38749184.90429833, 14213264.766767146, 115518890.80078734], "quaternion_xyzw": [0.10155221676603972, -0.276498263190982, 0.42052511724651426, 0.8581343038750281], "projected_cuboid": [[297.3234110301606, 177.1828682673825], [297.32331675360615, 177.18268418485772], [297.32324656571063, 177.18274275815668], [297.32334084230047, 177.18292684065588], [297.32357549462256, 177.18299377661742], [297.3234812180939, 177.1828096940481], [297.3234110301606, 177.1828682673825], [297.32350530672477, 177.18305234992624], [297.3234110301606, 177.1828682673825]]}, {"class": "cube", "location": [403.7229913705558, 208.71982163368762, 535.0278285461375], "quaternion_xyzw": [-0.6443089022622057, -0.46381710010781546, -0.21735607996998432, 0.5678873749374342], "projected_cuboid": [[429.686782495207, 296.6084608076679], [436.57057726158035, 297.97307139079226], [464.1696363155395, 305.159702156192], [453.091215764973, 302.71505417505296], [432.6907223189796, 246.0553392948654], [439.76730754985425, 239.41406771509983], [466.3116270026423, 244.42600129315315], [455.3336829962199, 250.55021894444232], [446.70283295561956, 272.36427967354314]]}, {"class": "cube1", "location": [135.5969869984654, 111.00952520066807, 539.6858145196202], "quaternion_xyzw": [-0.3743590597931184, 0.6129203646129514, -0.38673827319188014, 0.5784612597591146], "projected_cuboid": [[294.0069185442197, 172.0862683391652], [288.6362573763865, 225.61938629565282], [293.9393015429798, 238.4600193618577], [300.0416518946925, 183.10445920277823], [240.09387420517925, 174.0919190921298], [238.67687888030503, 227.24345329122355], [241.47574875094017, 240.10543458448694], [243.20079981771542, 185.16284352007202], [267.3210976741493, 206.63998746053926]]}, {"class": "cube1", "location": [2658777.112275745, 1197364.9708038303, 3388639.871744477], "quaternion_xyzw": [-0.07396994443299336, -0.37645156554313314, -0.7015649144872381, 0.6005158922803111], "projected_cuboid": [[457.39741712921597, 259.2588114838276], [457.4048211018586, 259.26915341839805], [457.4065676592324, 259.2686782905048], [457.3991636867366, 259.2583364039561], [457.40500606615944, 259.25571752109136], [457.41241028664615, 259.26605957718857], [457.4141568435947, 259.26558445341476], [457.40675262325595, 259.2552424453405], [457.4057868643133, 259.2621979192222]]}]}