{"camera_data": {}, "objects": [{"class": "cube", "location": [62.29796936935244, 15.929662497406584, 83.7690281203002], "quaternion_xyzw": [-0.451992310999736, -0.3612829617944498, -0.2822269233073419, 0.7651964035949331], "projected_cuboid": [[345.23527112590244, 231.86994904603222], [233.7024782050055, 415.2186834914942], [414.9312639691914, 592.7292645167549], [426.42610441196285, 278.4753475655947], [454.43609752688053, 37.98112429726375], [499.72587805792574, -67.4670665182816], [1061.1656378767066, 6.1611561354431075], [571.7500567098098, 69.09386224868324], [442.8196981841236, 201.1048575495724]]}, {"class": "cube", "location": [604.9648930122169, 264.98904319041105, 664.7214370288921], "quaternion_xyzw": [0.41688967334604415, -0.34586195789030305, 0.5881653237463782, 0.6005364753984832], "projected_cuboid": [[485.6084392375166, 256.2931408310518], [525.6818764116088, 250.3656056103012], [507.45718895074276, 249.18641877328471], [469.80652569962444, 255.23775353279433], [497.22074025516514, 299.5539890162225], [541.2449964515056, 299.8154627791813], [521.9509780717794, 298.3413507022612], [480.6201367773984, 298.2730896758027], [502.12833129849776, 275.4066070530368]]}, {"class": "cube1", "location": [50.41965332131909, 52.585250549149265, 92.53344478762494], "quaternion_xyzw": [0.38997955079366836, 0.8293045183563204, 0.03101208368681968, 0.3990090430829383], "projected_cuboid": [[809.2213375131398, 964.5074627701049], [517.124929718305, 126.37189180749883], [545.9473293247411, 199.37245030118288], [803.5995299607446, 922.7746624573849], [155.19290061382534, 505.9268797939269], [257.071886325868, 179.63485376672512], [293.93091886521995, 223.6701082967873], [229.12953862199555, 542.0060949079083], [371.967070812192, 335.86333811341547]]}]}