{"camera_data": {}, "objects": [{"class": "cube", "location": [44.942891440612215, 34.92347883790275, 165.06629595713395], "quaternion_xyzw": [-0.5903494266204927, -0.13338587631586882, -0.7468395582593462, 0.2755475216859837], "projected_cuboid": [[274.507313951919, 220.90601586008307], [387.1147801950915, 355.0314704415318], [441.6424126536104, 292.790226807178], [303.6101623603513, 183.20282783460692], [171.6979397975773, 156.78270141549083], [215.98501833970397, 260.89275254183303], [275.4691886996087, 182.53564247634654], [201.9674213989553, 113.84038269730581], [274.81240893066456, 208.7353998000515]]}, {"class": "cube1", "location": [39.50922221286852, 39.79870574285748, 183.02599097670011], "quaternion_xyzw": [0.37939108346274997, -0.619221167928156, 0.09206816608419498, 0.6812862862061325], "projected_cuboid": [[223.5123616504034, 112.17706221317141], [196.20261164945694, 192.27277856067724], [149.54904936155964, 239.86538275660814], [193.76681433793695, 145.23642207148487], [320.7485636484522, 192.59582026032052], [360.88126029870745, 325.10072584851], [301.95761056721085, 360.23259324967773], [286.59218860211485, 220.94143138575373], [254.71028190010725, 210.82952085960918]]}, {"class": "cube1", "location": [410.69414626641463, 204.32817531494217, 529.0453435358531], "quaternion_xyzw": [-0.68074757792677, -0.38584852003942244, -0.20470344207715044, 0.5880477493639358], "projected_cuboid": [[444.0476086285072, 295.10140116892], [438.90412108204015, 298.56405065648704], [466.8171667050381, 305.04745123462703], [468.40436026911397, 300.59463739438377], [444.40339848455557, 243.3515556094296], [439.49174360145105, 239.27497594238372], [466.4079782090706, 243.19706281002178], [467.99774726153686, 246.9042767906051], [454.4399434114861, 270.9780404627731]]}]}