{"camera_data": {}, "objects": [{"class": "cube", "location": [27.85834459497335, 15.057041873754958, 57.8617002516917], "quaternion_xyzw": [-0.7765675426941672, 0.10781398360102673, 0.4772033703766298, 0.3969835511393457], "projected_cuboid": [[1027.5763607268102, 1656.2860551986275], [118.57659690640199, 290.8229906771942], [36.53710419720369, 234.38185904710514], [-19352.88571751989, -44406.42710025064], [1120.3173104666364, 205.60150435328313], [288.9517813398688, 89.21443659020068], [247.94609666210016, 12.199230884907664], [1602.917447168904, -125.61154227169621], [349.366314466104, 226.07451446003404]]}, {"class": "cube", "location": [4.659390572953628, -0.767204238254243, 5.106739788819491], "quaternion_xyzw": [-0.21204841822038817, -0.6716588173557845, 0.35322678373930244, -0.6157440544963861], "projected_cuboid": [[-1875.5774400463552, 2628.486483384962], [811.0096908581563, 388.7750894542361], [474.95952379332005, 120.07294013817481], [-600.3536236925042, 575.136104645469], [480.12090968036546, 112.64439311614825], [-280.669823742834, 431.6089838163109], [-504.3019628136794, 1159.1038520911345], [727.879808524857, 305.39674314370467], [502.9470830221659, 79.79172414053708]]}, {"class": "cube1", "location": [59.96720697459937, 28.05610171835429, 196.60477686316975], "quaternion_xyzw": [-0.46164568195865335, 0.3367143509942419, 0.47706573785941925, 0.6677686664737303], "projected_cuboid": [[366.96594928849834, 300.86063392961], [258.3544002086441, 198.55649732425894], [220.75052589914307, 205.92232498510123], [314.59706241213956, 317.8949046281846], [401.94144164724946, 146.01897880123786], [266.8750585075753, 90.95353886935631], [224.9245456675555, 94.95904248911876], [341.0216800584473, 156.33556554992435], [286.4813739183814, 184.19111551691077]]}]}