{"camera_data": {}, "objects": [{"class": "cube", "location": [79.16306930138695, -19.196825821585758, 396.9184856035638], "quaternion_xyzw": [-0.23042045116166907, -0.6627590696883134, -0.693074875967429, 0.1652393643629357], "projected_cuboid": [[206.50989349905674, 155.33111187769947], [294.3808829988749, 151.0355711424854], [301.6011299766177, 148.00192787531617], [217.92211962588425, 152.42276248803853], [199.6260155439864, 86.31607504743812], [286.75980102179, 71.58958986466544], [294.5074411453623, 73.80265662949797], [211.4695175044227, 87.40176550870359], [248.85745618190725, 116.09670749479352]]}, {"class": "cube", "location": [115.67438228146732, 46.123979357087805, 182.24175279067202], "quaternion_xyzw": [0.35012867240231643, 0.1617331023685611, -0.9058422826640693, 0.1752200767548643], "projected_cuboid": [[280.5646826408275, 198.43857963496507], [351.7314837591432, 209.66638838823332], [374.4009831854145, 172.17398406923078], [310.17755267899224, 145.66024164872613], [462.6903795734375, 325.42780204163876], [488.9658737290531, 294.07200654217183], [522.2469522363168, 247.57637668724772], [514.4739540398996, 252.8494224956171], [403.98864297700015, 223.53260711384732]]}, {"class": "cube1", "location": [82.54246552380947, -21.951490590229795, 404.90849981228865], "quaternion_xyzw": [-0.2572350225066615, -0.6127736931809477, -0.7171858353841783, 0.2097212952126638], "projected_cuboid": [[209.98286556072208, 150.483836884619], [291.2553828489443, 152.0086072691582], [301.4183033771941, 146.483573771315], [222.89479018702795, 145.80119827145472], [203.09881269941243, 83.87079951783085], [285.28821779126014, 73.767189183312], [296.06319427372796, 72.86300997190345], [216.64209858827792, 82.56691863378464], [250.42929679458624, 114.0122587089832]]}, {"class": "cube1", "location": [476.59857495366714, 185.5867389456967, 496.77350375879223], "quaternion_xyzw": [0.8164238533952328, 0.04343883962520804, -0.1276921136272076, 0.5614800824042749], "projected_cuboid": [[579.6675423796341, 250.60840884787447], [487.076972349182, 249.70755107525764], [475.0854272244262, 235.83389421493592], [561.8408118527857, 235.94672379203325], [566.6933056017137, 298.7588149151626], [479.65510509019043, 295.4742840662875], [468.6414477630825, 279.9802316738028], [550.4967154011761, 282.30995178027484], [519.6930274611383, 266.47459627292005]]}]}