{"camera_data": {}, "objects": [{"class": "cube", "location": [126.64252416818829, 8.134480695234778, 263.0236279561634], "quaternion_xyzw": [-0.0035165250303955207, -0.16893240449613844, -0.7029552712339586, 0.6908714521582546], "projected_cuboid": [[293.7978035055532, 97.7691365185083], [309.15676011443423, 215.9688028520112], [341.5900791270413, 214.42308456093144], [324.1248224031052, 98.9493642752692], [359.10967801570075, 56.72840048660278], [387.405108273942, 212.74497618784574], [428.60084414971817, 210.7653927125853], [397.04646922582583, 59.468412495766415], [349.3744849827559, 144.35530333348103]]}, {"class": "cube", "location": [286.7051653278625, 113.57320251609286, 322.63743045982704], "quaternion_xyzw": [-0.46353949293541585, 0.21811830680132252, 0.7607652933853236, 0.3984867765781498], "projected_cuboid": [[494.36553082441225, 337.23640981913167], [445.6118317091934, 253.5222562729766], [423.9444372308037, 237.56672303213006], [466.47206704711186, 316.8773955095213], [598.8287529138172, 290.1845490277742], [518.3743297214053, 209.21218351924256], [494.56998908318775, 191.36522337004828], [567.297863696713, 266.6345213682648], [494.4754875390908, 258.7875541736613]]}, {"class": "cube1", "location": [300.04105440461484, 116.50937104607651, 377.8844289948643], "quaternion_xyzw": [0.027084269730787577, 0.7485496803932322, 0.6625132916200642, 0.003994589226395015], "projected_cuboid": [[426.78628600154576, 288.58480492632407], [528.6589841592383, 285.30570717124294], [502.6073385345171, 276.9392722466322], [408.7213737933581, 280.03199294674766], [416.96881062708945, 207.93890540499962], [516.0450036703189, 204.0889648204914], [491.5834721345836, 202.03042837978518], [400.0780930634685, 205.60872568098597], [460.75132681957916, 243.21519695682446]]}]}