{"camera_data": {}, "objects": [{"class": "cube1", "location": [61.243164265988355, 89.88371818776726, 222.81773908924143], "quaternion_xyzw": [-0.7266097865799611, -0.40986790654344124, -0.5501448995990199, 0.037243881069306234], "projected_cuboid": [[303.16846347478076, 350.28739282027703], [355.2427591972021, 339.26817630459504], [382.595651186503, 283.77928807508715], [324.039089888828, 312.3733036347762], [208.82166113499835, 272.91620948446405], [211.3591016205984, 230.09007126493697], [242.92701977472063, 189.57824781238605], [231.33209358397093, 242.38056322804476], [275.7339968562486, 277.09907920741085]]}]}