{"camera_data": {}, "objects": [{"class": "cube", "location": [55.70603623750709, 32.830608845295735, 337.6022056825784], "quaternion_xyzw": [-0.05564446252616634, 0.6364340693053395, -0.6200156464967733, 0.4554513885331878], "projected_cuboid": [[226.40295228154903, 99.12935703594565], [273.77931238491067, 162.82024490235187], [295.2944091321458, 171.61699253159804], [247.60879874261923, 104.15995328144686], [170.3660370441921, 163.90111898268873], [227.40135734734488, 221.1530876289274], [246.43282955039507, 234.60924162445144], [187.80534623801347, 174.77165793139747], [236.58370980345774, 167.99088002875314]]}, {"class": "cube", "location": [372.2766027323995, 333.92075826635187, 639.3047121830772], "quaternion_xyzw": [0.3143147749148565, -0.43209502273260286, -0.6168523463675443, 0.5779215313351714], "projected_cuboid": [[355.5027710517454, 293.1530039794668], [366.1317734381846, 351.0020627043244], [365.6105824497975, 342.85732697048775], [355.41333447268653, 287.44586642550865], [406.6107874581628, 294.202070824363], [418.7908548761686, 355.3624246959987], [415.9935666286825, 346.5878815485571], [404.37305586126627, 288.14544934310595], [385.3083063016096, 319.4818877669519]]}, {"class": "cube1", "location": [958.6486557099164, 867.115623811065, 8308.91272678865], "quaternion_xyzw": [-0.05840359043509781, 0.8592438098690606, 0.20212678674816859, 0.46629803549323623], "projected_cuboid": [[219.545933178754, 171.11341043481787], [221.52180398959223, 170.36186176616312], [221.10515668511476, 171.49197691893085], [219.12722477547837, 172.25402198835815], [216.67378010540892, 169.5538279186655], [218.66884019369104, 168.82113388585475], [218.25711068224197, 169.94764640188612], [216.26006837274358, 170.69077201374202], [218.8964825322241, 170.52597018843963]]}, {"class": "cube1", "location": [305.1606767692958, 273.32286444050857, 525.6294501442001], "quaternion_xyzw": [0.48591485842577087, -0.46697590304430114, -0.5826060610628125, 0.4543021394951788], "projected_cuboid": [[359.4492657544787, 295.2521014648414], [362.36398815415714, 358.02336111137953], [353.9267436099749, 343.0386273693015], [350.9495663587379, 283.3278796680059], [418.5829790986653, 291.77510478406225], [419.90764611226166, 355.53713729259596], [408.2279986423698, 340.4855795633605], [406.6643783604443, 279.87994284914237], [384.6837540250273, 318.6525386007669]]}]}