{"camera_data": {}, "objects": [{"class": "cube", "location": [62.0446933905577, 48.39939295887325, 162.66692024589273], "quaternion_xyzw": [-0.42302920372380765, -0.24293188289000148, -0.8106016514462924, 0.3239681400151305], "projected_cuboid": [[258.3027294309401, 243.4565181917814], [417.19279072585834, 391.5102933910241], [465.7246681536095, 334.88158144061214], [291.3613086531244, 210.14603450938068], [194.09853708907895, 164.2188289332788], [365.7522651486498, 307.4197630156731], [436.1856035136039, 230.34430600284938], [235.86447023419282, 124.91957386767483], [313.71223393817814, 239.37213860139508]]}, {"class": "cube1", "location": [151.45253665047505, 121.00161455234759, 604.527541452259], "quaternion_xyzw": [-0.22172336253203695, -0.8121163305688255, -0.49268920390743876, 0.2203705163672479], "projected_cuboid": [[234.80549469789634, 226.1335191512137], [293.0771700974625, 226.59556067943737], [299.64740229379817, 230.957314344725], [242.73000705446304, 230.1099354035578], [238.0450310119536, 181.25409311578954], [293.2936283259869, 177.24371447361688], [299.4924321748097, 183.08899040852523], [245.46561916898912, 186.46136885984106], [267.0640344909124, 204.6677689166596]]}, {"class": "cube1", "location": [69.43486039276083, 31.860245740612246, 64.67863008118147], "quaternion_xyzw": [-0.9923039835029713, -0.04311748087536378, -0.10136041619502746, 0.05656636099191753], "projected_cuboid": [[1358.5995516542894, 656.8954510035107], [744.4804369861122, 1135.8876749923168], [945.7120398947443, 598.5517817946037], [1494.9455784895501, 397.30029606371806], [513.976420609935, 274.0101827917599], [220.39071847875772, 276.7249385123015], [233.1416133179045, 166.22234625538644], [532.5043850303836, 183.6976472458664], [560.3742043636751, 308.8880345533803]]}]}