{"camera_data": {}, "objects": [{"class": "cube", "location": [103.00688309843213, 36.967836841539096, 330.99905903183856], "quaternion_xyzw": [-0.11485107460517217, 0.8145382455599962, 0.5104224629105474, 0.2506104278325454], "projected_cuboid": [[278.55865524545703, 221.70770251162048], [353.7426588989895, 200.31091004130712], [328.87627281606126, 209.56659030569173], [255.14466217918167, 230.92894088833305], [242.28188480996877, 131.0747344113558], [316.8578112971645, 124.59642822788973], [296.0624969957952, 137.75887618262655], [223.41939473542286, 145.87511578116633], [288.68597408122025, 173.13684919563843]]}, {"class": "cube", "location": [146.46980707881195, 83.59779128085617, 226.0808713730208], "quaternion_xyzw": [-0.14467322370917388, -0.8737987471578353, 0.4031913882622016, 0.23017843564980509], "projected_cuboid": [[305.44605394969443, 242.97507982456887], [475.01014313437076, 180.69461518850005], [517.8079738951419, 225.003253668527], [323.27050190648055, 288.1355645498486], [338.1543458717879, 291.03158733245255], [480.1585856459709, 245.84416092795917], [514.7554364478138, 287.86895213783134], [355.7622033349287, 332.4412438795639], [408.6695444432569, 265.11504386554486]]}, {"class": "cube1", "location": [114.57893678100635, 24.411382269094627, 182.52168782300248], "quaternion_xyzw": [0.32162942150639023, -0.08289961027347338, 0.9406545605970332, 0.06965032279877202], "projected_cuboid": [[325.3092127001802, 183.875167307713], [525.9086247890652, 185.75641503970914], [521.4372495884086, 129.09903673073322], [319.2187228208414, 141.57748656311085], [283.29622575207634, 232.15041933179828], [565.0571586286208, 259.35520802810726], [559.3384952977613, 175.03976774322157], [274.3259314145807, 176.1348173088946], [401.502752363, 180.99860263306277]]}]}