{"camera_data": {}, "objects": [{"class": "cube", "location": [363.44326867529554, 44.64763472372567, 409.7579877212402], "quaternion_xyzw": [0.3405007809882719, -0.6064585889310568, -0.6225098797253255, 0.35881561797459316], "projected_cuboid": [[450.07082317607023, 153.27436842475262], [496.859745205892, 230.80172307331674], [475.22305131245173, 223.75968767737442], [431.77965156935363, 151.69953191350632], [514.0351832777862, 116.45304977530611], [561.31775000146, 194.38823553774756], [534.9778505692942, 189.88455399946164], [491.10876401206224, 117.4722101500045], [493.8842273863996, 172.1658183794345]]}, {"class": "cube", "location": [462.3797766762182, 234.88341157036564, 433.2289301344259], "quaternion_xyzw": [-0.2260064228944456, 0.27752579717015874, -0.6283700624096705, 0.6906892162056619], "projected_cuboid": [[543.9318573047487, 272.045338895871], [532.1244079003957, 343.2540333586622], [564.7984416502293, 354.86636618497687], [577.8527290493048, 280.763964507799], [550.6879671788392, 294.8079018833531], [537.0406969264901, 375.6042898763376], [574.8378835246667, 390.5600819807021], [590.147761425579, 306.0231104185202], [558.1471469313994, 326.556436051843]]}, {"class": "cube1", "location": [359.2340105602202, 43.40384319408877, 405.9043479118584], "quaternion_xyzw": [0.3456760965811879, -0.6156505112376438, -0.6003213580156047, 0.3756284751926046], "projected_cuboid": [[449.3726202796434, 149.77358603473516], [496.596169635773, 230.35707832868235], [474.4226710524456, 224.43986507624254], [430.79017204176654, 149.62627793113845], [513.1714525191887, 115.01378246713742], [561.2036620630315, 195.2216094799923], [534.3903120865382, 191.81749400726275], [490.0604943523221, 117.3280048138951], [493.1895503623305, 171.44242856482333]]}]}