{"camera_data": {}, "objects": [{"class": "cube", "location": [312.3275842884633, 397.6403378960382, 694.5536034204473], "quaternion_xyzw": [-0.505531549555782, 0.0026790984293440494, 0.7864739955067297, 0.35480886294879466], "projected_cuboid": [[323.12594567891335, 369.93091686451663], [318.9964027802506, 319.02476461860596], [312.9935620368856, 310.9773627835972], [316.47348891943705, 361.73399187486416], [367.3150963406651, 368.2212412665614], [358.0704985253867, 314.7398526723483], [352.3224893921442, 306.1846568016126], [360.9957591774978, 359.4864607729322], [338.0391027291578, 337.37028239280664]]}]}