{"camera_data": {}, "objects": [{"class": "cube", "location": [166.53783241755048, 130.20123333428455, 668.7723788687912], "quaternion_xyzw": [-0.6866081622127272, 0.2633081502044601, -0.6481950965201311, 0.1976895709591803], "projected_cuboid": [[282.06697065722733, 187.37066338241937], [293.78853257912374, 228.7101846074964], [295.4206082003302, 217.98120556300051], [283.2048413895105, 176.76142270001213], [241.7818925672098, 189.6466635502888], [248.4516578091713, 230.84486328675297], [248.7299398771277, 220.29104314468032], [241.85438383453084, 179.19556187991594], [266.5258106341098, 202.71758774655643]]}, {"class": "cube", "location": [6432348.428926528, 1684972.8282402635, 10527055.159375478], "quaternion_xyzw": [0.14597176165151143, 0.41229021836654794, -0.6244701828586839, 0.6471058733778117], "projected_cuboid": [[395.5420750194173, 190.37518406719136], [395.5409999931919, 190.37712476010188], [395.54214538343916, 190.37735798914616], [395.5432204184525, 190.37541729601867], [395.54214538343916, 190.37735798914616], [395.54107035169125, 190.3792986763786], [395.542215747378, 190.37953190853688], [395.54329078791415, 190.37759122108753], [395.54214538343916, 190.37735798914616]]}, {"class": "cube1", "location": [399.44654941082075, 196.4833283271923, 518.795579031204], "quaternion_xyzw": [-0.6799821062005359, -0.3956327864238509, -0.19756144031116982, 0.5848662333010505], "projected_cuboid": [[441.22450465794947, 293.7036926953458], [436.18610340515903, 295.3438120768135], [464.63991178581153, 301.9857205390159], [465.97740455743605, 299.3810236505981], [442.13384221088427, 241.1584020711506], [437.41931710613954, 235.06956689220357], [464.7994599688075, 239.0526534005612], [466.07011435136076, 244.82704137663046], [452.1793295043021, 268.30841388140226]]}]}