{"camera_data": {}, "objects": [{"class": "cube", "location": [19.48267834646937, 2.9854822450526526, 153.15098318152917], "quaternion_xyzw": [0.12482772857466991, -0.761388682748558, -0.11316156981076002, 0.626018986197119], "projected_cuboid": [[123.7908024003449, 81.62495971345083], [140.75493687158198, 156.25002065472714], [139.2912825348406, 250.8592375129137], [123.86562012676401, 135.48338660613283], [266.33562252093424, 83.2645111982404], [401.2560451702729, 148.8912829015121], [378.48026857747413, 232.03164334966067], [259.77515217361974, 133.17234157696168], [223.11480366058154, 140.28067822142117]]}, {"class": "cube1", "location": [1073515.24263873, -993118.9218370126, 7229882.995705769], "quaternion_xyzw": [-0.3969717334945916, -0.09026508912571041, 0.8788018209713778, -0.24894380078406672], "projected_cuboid": [[230.69252940668295, 84.37761862876667], [230.69475061455898, 84.37992506175839], [230.69549508475714, 84.37866154981522], [230.69327386542017, 84.37635512598507], [230.69549508475933, 84.37866154981258], [230.69771631043344, 84.38096798022295], [230.69846078133918, 84.37970447736892], [230.69623954420413, 84.37739805611996], [230.69549508475825, 84.3786615498139]]}, {"class": "cube1", "location": [129.09151153833065, 2.887732395275094, 181.02934319399571], "quaternion_xyzw": [0.4027499421357171, -0.46356979966225936, 0.06584557014259987, 0.7864857823529712], "projected_cuboid": [[398.768627138767, 55.43427870226432], [379.7265888485796, 80.04326165354249], [326.28935674146567, 130.22272535164484], [361.48229722990584, 90.9318101329879], [515.8755298865296, 146.00949207420328], [567.9746959925887, 231.90506815734324], [484.0859797866737, 270.5587111480832], [466.0518886799607, 177.58945357840688], [431.9176843277937, 139.0183550077349]]}]}