{"camera_data": {}, "objects": [{"class": "cube", "location": [66.66505848885836, -7.056343440013038, 161.02304938740457], "quaternion_xyzw": [0.33890088252591455, 0.28919118933356, -0.829455137628268, 0.3369255444413031], "projected_cuboid": [[209.59163515706737, 28.486279644878095], [284.348145444327, 120.52553751707092], [324.8324510128902, 90.54517287069733], [267.50367346731184, -22.145144136779635], [326.37875149034517, 175.64803215339654], [371.81037481555575, 230.15164726060556], [427.5745339546383, 196.54751772734528], [422.857427225345, 111.02796163935112], [325.32613320232394, 117.715678545575]]}, {"class": "cube1", "location": [71.81835775504572, 16.88766844550117, 178.50657782398787], "quaternion_xyzw": [0.05798019520604223, 0.03517456932069988, -0.9658992718244113, 0.2498792574945843], "projected_cuboid": [[206.859715975721, 136.97445250342867], [342.61245065047433, 212.51058188182537], [366.7043203167479, 171.27802001639256], [231.678668924284, 92.79208305069842], [244.4397057774719, 159.9259437537466], [450.5875622999468, 274.45039901168843], [488.7422987993123, 211.14238940887333], [284.5168579728768, 89.3781510105121], [321.16333272008956, 167.04961127996782]]}]}