{"camera_data": {}, "objects": [{"class": "cube", "location": [106.84783179265631, 58.50847981821242, 217.41305875204026], "quaternion_xyzw": [0.8852192765399699, 0.3188490134757788, 0.32704862898337056, 0.08809842976848438], "projected_cuboid": [[442.2176496766246, 311.18917246551814], [397.4213483299526, 228.12776520465658], [415.6073230569922, 171.54255318986284], [453.8008810955711, 263.9996346137531], [314.25069797308674, 264.84233418243184], [251.31630048390102, 194.23136480143035], [271.59722976798497, 154.6035778054441], [328.2831263980638, 229.85889877461025], [352.9253989526459, 229.24188745920196]]}, {"class": "cube", "location": [445.7754485276253, 218.79076752368366, 618.290243138626], "quaternion_xyzw": [-0.06588661125246166, 0.6887038391430191, -0.6073345004295878, 0.39050067989092724], "projected_cuboid": [[429.0735797088425, 224.02009940381657], [448.8153141097868, 248.38242264019328], [466.79829334182955, 257.55758782392127], [447.5660352930162, 232.8031128797797], [401.4644745338861, 261.40580643719943], [423.2459042457024, 283.273484680726], [440.2391053444902, 293.98315722344717], [418.7984414546869, 271.95658447832204], [434.72735535519166, 259.4465938969975]]}, {"class": "cube1", "location": [56.257591136378494, 37.351903396738365, 168.7608233628336], "quaternion_xyzw": [0.16390036186105622, -0.10272707239303944, 0.42144165149303137, 0.8859857529137792], "projected_cuboid": [[336.4730621572344, 213.27533525226985], [244.63766726715062, 90.86128126134523], [199.24084540176912, 124.98188057976174], [295.04323952195784, 239.20743504100076], [426.2876771273946, 328.4462667148163], [299.6535872689803, 158.35387059486078], [223.14296374839506, 210.25731350600384], [360.8850309018743, 362.4344954042943], [296.58248610485794, 212.21303470115907]]}]}