{"camera_data": {}, "objects": [{"class": "cube1", "location": [188.5673232094111, 36.133702837309116, 314.93227114924326], "quaternion_xyzw": [0.27404925261996926, 0.23298232135683772, 0.40131795548599986, -0.8423539301731502], "projected_cuboid": [[354.0226439576387, 152.77165001052464], [340.56671837961653, 220.49666681308548], [369.1104353147276, 241.57646267355383], [391.16746488138403, 174.22355445495847], [415.0375901386675, 101.33421317868482], [391.16746488132424, 174.2235544549678], [420.64832878710627, 191.24936477572788], [453.3571259727938, 117.3526706410381], [391.1674648813488, 174.22355445496396]]}]}