{"camera_data": {}, "objects": [{"class": "cube", "location": [226.8443974630862, 146.23857710356904, 372.2755763427992], "quaternion_xyzw": [0.012259387569374112, -0.8085944052897598, -0.5564323094830282, 0.1908084906756173], "projected_cuboid": [[340.3362520306216, 295.8981520118741], [454.3969823335376, 335.30438305569623], [439.21212973263215, 331.36635437326817], [334.2764520785244, 295.01332567052543], [353.7689280891262, 219.3569398496446], [461.05453792136984, 249.70216796925055], [446.374190408459, 252.0756333623654], [347.1878980571695, 223.55514161947832], [394.9416958536044, 273.33124702574787]]}, {"class": "cube1", "location": [106.22189514917424, 89.5620197874972, 210.8737619291199], "quaternion_xyzw": [-0.07061379452317197, 0.8382754920100265, 0.3892812371375747, 0.3751906314542334], "projected_cuboid": [[413.5016138865027, 407.40042958979166], [455.08596579959396, 293.7709693328917], [415.59344691978816, 312.5466938813242], [362.45530539427114, 421.68103577994884], [282.1894252519045, 248.8171506218887], [353.8493216278706, 193.05657900436358], [325.93339207915966, 216.2208424985049], [251.2069809937543, 274.85518630137824], [357.29894172709237, 284.6983416051523]]}]}