{"camera_data": {}, "objects": [{"class": "cube1", "location": [18.999555261327117, -28.325007720680148, 8.423252494732509], "quaternion_xyzw": [-0.7170329734374894, 0.600625867296496, 0.35365371639917503, 0.0064289512967965635], "projected_cuboid": [[88.40471118410419, 463.6334840210899], [-1656.8993832353108, -6111.186235910253], [-348.86793848679116, 1081.597186553918], [286.64798831834946, 636.3533040977458], [3133.8887989449113, -4537.583748016021], [488.77993235319315, 141.50919321145872], [302.1781982643172, 97.77376430299637], [694.4605112969634, -1614.338295557843], [981.651387550465, -1065.101361062346]]}]}