{"camera_data": {}, "objects": [{"class": "cube", "location": [610897711.951472, 236409861.7727577, 1578870722.3040583], "quaternion_xyzw": [0.019274420191436284, 0.5593238673599054, -0.2660526625888019, 0.7848574958916121], "projected_cuboid": [[315.6720153436338, 186.69668462684618], [315.6720023324082, 186.69669056489806], [315.6720060069909, 186.69669664401965], [315.6720190182167, 186.69669070596805], [315.67200228449633, 186.6966915576648], [315.67198927327127, 186.69669749571642], [315.6719929478539, 186.69670357483815], [315.67200595907923, 186.69669763678687], [315.6720041457437, 186.6966941008423]]}]}