{"camera_data": {}, "objects": [{"class": "cube", "location": [198.41865496207805, 147.11884111203278, 293.2958350909949], "quaternion_xyzw": [0.10752114501456576, -0.17984819904630847, -0.49593643415315164, 0.8426985712305515], "projected_cuboid": [[382.7742915737037, 235.70842684810435], [345.34216357691525, 341.1821618414659], [365.98255022654655, 350.2273151617202], [401.0687743242049, 247.53661597407017], [484.759644730118, 264.61501044543076], [444.31448587107775, 404.2989362171014], [466.69238668764564, 413.2615228631515], [503.9173355102336, 278.4699043950419], [418.87974894904846, 312.1000052237524]]}, {"class": "cube1", "location": [124.99242646530391, 91.65689438519708, 231.5742841745824], "quaternion_xyzw": [0.6496957383005326, -0.709405651738594, -0.23650698243786814, 0.1367607991114416], "projected_cuboid": [[394.25460187534117, 226.18886366514394], [403.2918561419133, 400.63184425812995], [343.37792505462505, 383.3434254661275], [331.6373291992893, 221.3777328514295], [392.51500525538864, 183.29285980313034], [399.2934521090301, 314.53530280086727], [354.2170800869665, 306.2168663413461], [345.9207662657581, 182.17307246094293], [370.13899848185616, 274.3917365380705]]}]}