{"camera_data": {}, "objects": [{"class": "cube", "location": [257.49250564677095, 100.01945883922721, 351.10217946178415], "quaternion_xyzw": [0.38746141025299574, -0.4549821900482155, -0.7505614521465738, 0.2819971078846657], "projected_cuboid": [[387.5544440620537, 225.6628835109044], [421.6449283122822, 293.1515934607825], [406.7606594519098, 270.4982787250742], [373.8881172592768, 206.036155379398], [480.146288606376, 189.74246100944555], [507.7234635157643, 265.14634917598073], [485.6169052856692, 243.14155125086322], [458.1208298717282, 171.66745251001052], [439.1474682916389, 234.85883185807273]]}]}