{"camera_data": {}, "objects": [{"class": "cube", "location": [46.41603349750348, 27.142247076806193, 103.97377997853384], "quaternion_xyzw": [0.4317985701377936, -0.05733515697499423, 0.47374097930974374, 0.7653967331549402], "projected_cuboid": [[419.7090080921988, 206.41682547849302], [341.8351493096027, -9.177994421879418], [242.1552687378075, 30.621908491138598], [341.7551416499155, 209.953424636327], [449.7185765099976, 459.5595821725591], [319.31729040102755, 285.45803239903177], [148.06190649806484, 271.8475981881214], [332.7189913019813, 423.91166996849483], [336.8771065529744, 226.36828194872228]]}, {"class": "cube1", "location": [14.492574631720387, 27.184708572988004, 112.28011451391956], "quaternion_xyzw": [0.9735213649431378, -0.053455006142361504, -0.14543799856931447, 0.16806695954208892], "projected_cuboid": [[491.29791384557643, 263.587622999299], [-9.496247285649048, 287.263937179923], [4.618404610548168, 164.58608340564197], [435.3005277853254, 96.7185683272654], [383.4080519866071, 259.70571993923494], [131.68684843312786, 273.12920543789113], [130.99036102500276, 204.37055265372885], [364.11770461726496, 178.92592332495533], [223.7787334456473, 219.62045661458336]]}]}