{"camera_data": {}, "objects": [{"class": "cube", "location": [3308017.0780737237, 836417.7521935869, 4690008.968310666], "quaternion_xyzw": [-0.05250496987122893, 0.6503103504793, 0.5061279770983358, 0.5640692749979012], "projected_cuboid": [[429.1542523378127, 196.89596141534273], [429.1527567510997, 196.89107522140827], [429.1503362196009, 196.89193082209508], [429.15183175997635, 196.89681701165978], [429.15075302568073, 196.8917607205262], [429.1492574938784, 196.88687458466975], [429.1468369696495, 196.88773020362254], [429.1483324551145, 196.89261633510972], [429.1505446202292, 196.89184577229486]]}, {"class": "cube", "location": [41.611122966643286, 7099.36316612105, 11554.327214136516], "quaternion_xyzw": [-0.41182168811366604, 0.3859296558690885, -0.8223030644433327, 0.07265581963670671], "projected_cuboid": [[179.04886206546726, 350.1957568813566], [181.06242906804664, 352.71204157985585], [180.88436987380615, 352.4671576267458], [178.8681371571049, 349.94766158037066], [177.2466331336733, 352.1546260900666], [179.2555562445799, 354.68781679241636], [179.07377317495698, 354.44589483590545], [177.06220603547337, 351.9094383330156], [179.0612572573408, 352.3105272193617]]}, {"class": "cube1", "location": [421.01587554414766, 123.67772848341731, 612.1265608171417], "quaternion_xyzw": [-0.0960463139752555, 0.5291454764524556, -0.8309664431740624, 0.1423901002187929], "projected_cuboid": [[390.79708118790575, 176.93617753522403], [443.3187876630085, 195.77175386912532], [457.4124678379368, 191.58858388425233], [402.5503252085916, 171.9270681095344], [388.06724842242346, 219.2190278241243], [443.4962399362531, 239.1607420603474], [458.41600534837704, 236.7655824090436], [400.3738546057176, 215.89564261939296], [422.89927665451745, 205.34028590808668]]}]}