{"camera_data": {}, "objects": [{"class": "cube1", "location": [256.25588265473607, 116.68237465849589, 408.53810914369967], "quaternion_xyzw": [-0.1717680694485071, 0.6364126264752444, -0.5954789256410215, 0.459216232616214], "projected_cuboid": [[401.9263933748689, 177.75699198087955], [424.2971076732414, 235.0798259999267], [448.8341599903047, 247.6644159770044], [427.29720843905574, 187.46374747038098], [351.30544522429346, 221.9166707537035], [378.62444883682315, 276.7689013842478], [400.71970899299646, 292.4792732487697], [373.64086164865165, 235.17148060553018], [401.3230168791795, 235.12139404722745]]}]}