{"camera_data": {}, "objects": [{"class": "cube", "location": [31.572427876934867, 38.96731714841473, 111.90983222218722], "quaternion_xyzw": [0.7280786009992675, 0.25657913307540176, 0.6088101803194691, 0.18280826998962707], "projected_cuboid": [[375.1533845491203, 351.21041050543204], [573.9870038531492, 280.09385957283894], [502.1679845740205, 128.38754873579308], [363.27939391899486, 270.244725022134], [169.36268938081622, 320.2424984332754], [96.47803986676192, 229.99712644748746], [130.6205810819696, 114.37587007099879], [179.85004378654241, 249.8801766695501], [278.32356778705423, 257.4289430375103]]}, {"class": "cube1", "location": [105.57479696486179, 14.881973422769459, 492.6526361062676], "quaternion_xyzw": [0.5249858292280616, -0.3890281015307134, -0.6221422988622283, 0.4312609132480656], "projected_cuboid": [[223.61281189399148, 113.37359196174675], [226.17358899896476, 181.96002661192568], [226.19220622604112, 172.79111444493483], [223.7775339175576, 107.49949548918889], [286.49008171165923, 110.91283324276472], [285.024179132625, 181.29973512420796], [281.8422915999634, 171.95935858478856], [283.01480902389306, 105.03978619596893], [254.15143708133033, 144.0990728907905]]}, {"class": "cube1", "location": [16.647385030252728, 25.624274370698508, 82.30711429444892], "quaternion_xyzw": [0.4609038721038385, -0.06953793212256781, 0.8814770401686259, 0.07569890574746925], "projected_cuboid": [[234.82049922150878, 220.8826792932383], [618.6855907715435, 294.21080893151986], [596.239813644035, 132.08112118484254], [220.90458912503223, 149.8027698066393], [35.221832197426664, 313.8156785752295], [467.5372072463114, 954.5596299269846], [374.3647361553358, 438.02108324863786], [11.853142728827322, 212.06910502932155], [249.86076968796107, 244.2861561827329]]}]}