{"camera_data": {}, "objects": [{"class": "cube", "location": [9.438277929658277, 16.681921656740556, 72.85091494097021], "quaternion_xyzw": [-0.3197559663008165, 0.002130060946124965, -0.057069717405041034, 0.9457772635302171], "projected_cuboid": [[360.4484092916306, 206.12753896198484], [49.958442219288955, 242.9807894015952], [37.39487055193152, 353.9300780375619], [406.2784012367621, 306.4903372786747], [562.8395814143274, -37.53923361641168], [-141.6505740185022, 31.370671495058147], [-295.2472539746193, 248.4685332273836], [804.9443485402905, 121.31381395889669], [223.95012011693686, 214.9418008260833]]}, {"class": "cube", "location": [188.9723335653456, 102.03301176276901, 229.67263562410525], "quaternion_xyzw": [-0.1002028272403267, -0.8206289378147904, 0.5618267655541284, 0.029634866981320906], "projected_cuboid": [[385.63795919620776, 243.92847245423005], [530.0987340499464, 210.5172558796618], [584.983249293711, 239.28394217855345], [421.970721745689, 278.32587730551995], [379.7378377340399, 333.60565552722534], [508.1240455731814, 301.75209116418966], [553.49354304451, 337.776605271348], [410.6539503969369, 374.54689225147445], [471.0109694772836, 291.660561099529]]}, {"class": "cube1", "location": [59.08983931041048, 57.393432937615856, 97.85988172334717], "quaternion_xyzw": [0.41581158492928655, 0.8365991347230564, -0.029026691827241772, 0.3554716089658842], "projected_cuboid": [[723.235453788013, 854.9066811634292], [519.0835719718402, 133.64496007488947], [569.0371242037959, 201.56145196841484], [811.8842119679755, 894.8252459599539], [198.6357469012427, 497.751012801481], [282.6605195445373, 196.86665886593917], [325.0534656916112, 236.94183149251143], [273.35036443842847, 540.3180675066756], [392.972828145757, 342.35036292653297]]}]}