{"camera_data": {}, "objects": [{"class": "cube", "location": [80.56382546050507, -2.6206133480096074, 151.04011299140024], "quaternion_xyzw": [0.17697170324368255, 0.6991764863831736, -0.14884050500540255, 0.6765203331827112], "projected_cuboid": [[568.1489959766363, 19.54621862792939], [376.074445238617, 68.42489998419268], [399.15746775460855, 116.51161518815945], [612.4884118129108, 116.13468819390408], [306.73279299053087, 147.94073697856933], [246.89395810736605, 132.59758780525024], [270.2079002945384, 179.6232570441774], [352.0659697281161, 240.33985148073106], [367.8733204244028, 127.14982710570153]]}, {"class": "cube1", "location": [42.37050848412058, 40.90199550602761, 193.32440593465967], "quaternion_xyzw": [0.2683848098743568, -0.11371900371707702, 0.30165227249630755, 0.9077684112812663], "projected_cuboid": [[311.1649007460618, 182.44475373539439], [195.6333895166568, 105.48128723002284], [164.23104065545357, 140.72328322044936], [278.59133468503774, 208.67146569576738], [369.95774269263313, 293.3799661733326], [213.76697567510473, 208.8533710188529], [166.73399640514486, 251.13649535329512], [321.6851394085484, 321.4912283749626], [255.8867902809205, 208.73517750948093]]}]}