{"camera_data": {}, "objects": [{"class": "cube", "location": [71.07730590161702, 26.833669626365612, 208.473962038618], "quaternion_xyzw": [-0.03737385720505268, -0.5483590099890634, -0.19667791989952066, 0.8119257273823932], "projected_cuboid": [[240.06174099434708, 146.8990403713496], [207.17993866952344, 209.98807122944504], [227.66892363891864, 262.24574782602065], [253.16727575044837, 182.83851526777187], [354.4244329883343, 115.27152240008455], [385.726306684242, 172.396947012815], [405.0028324010528, 236.87530062819323], [367.0435991950046, 156.5605689808672], [299.28533597730285, 179.20583275453427]]}, {"class": "cube1", "location": [152.73396389173843, 53.99250552408664, 342.5260683258718], "quaternion_xyzw": [0.006781654472635017, -0.5734093709593069, -0.45342489117738777, 0.6823207240876096], "projected_cuboid": [[277.7478628738425, 164.87953925844354], [310.7488939668275, 244.94829021300262], [324.33836593740625, 258.84829747302365], [290.0195306978124, 179.25642166068923], [347.86753673253, 126.79932121614765], [403.3711082308349, 204.16074702924593], [413.2739000887433, 221.51179783903686], [358.06974458770526, 143.83423414780293], [336.69323771055656, 189.5110401750494]]}]}