{"camera_data": {}, "objects": [{"class": "cube", "location": [188.21469070108137, 144.49445321177646, 284.8172517742731], "quaternion_xyzw": [0.34563132313681877, -0.7180352811670673, 0.5746647735332263, 0.1863457043401548], "projected_cuboid": [[367.8908462462515, 235.09275448233723], [516.3214949362216, 302.05434709975844], [514.0492054423588, 322.0292216830188], [355.6790676187149, 245.87966364886995], [344.8921495646322, 308.7809738741862], [475.96357666630206, 388.3968930655787], [470.53916094341804, 413.8193503991412], [331.9998901120382, 323.67111914711757], [413.2888785754411, 314.1377519911083]]}, {"class": "cube1", "location": [72806583824.00441, 41769409218.39317, 83718972893.8123], "quaternion_xyzw": [-0.3824795102822307, 0.8980534928555928, -0.2169630250277922, 0.011678782253487755], "projected_cuboid": [[487.71298860006226, 311.14432180329834], [487.7129889547692, 311.14432212869303], [487.71298891195573, 311.1443222324126], [487.7129885572488, 311.1443219070179], [487.7129882681936, 311.14432177909794], [487.7129886229005, 311.14432210449263], [487.71298858008697, 311.14432220821215], [487.7129882253802, 311.1443218828175], [487.71298859007464, 311.14432200575527]]}]}