{"camera_data": {}, "objects": [{"class": "cube", "location": [14.18411597398515, 14.690178374885072, 90.24672866500275], "quaternion_xyzw": [0.5187589373819949, -0.00014088185112530823, -0.8093295887915475, 0.27545373793998895], "projected_cuboid": [[-59.60238290107557, 97.32699534691795], [151.9968194091788, 226.54440921301085], [184.17136519033716, 162.8688420440253], [36.16816258255594, -26.009530929263235], [535.3293323460075, 364.39636913815013], [362.019812035272, 332.37678656357673], [388.9972693361515, 241.0815224596264], [585.1318071075013, 40.15297744690514], [233.79156804605634, 191.34558957853]]}, {"class": "cube1", "location": [155.98068829221643, 110.45137823129694, 280.11590589982995], "quaternion_xyzw": [0.5034826040747737, -0.05332475975102781, 0.4103119327334508, 0.7584891925717333], "projected_cuboid": [[419.10571966354075, 251.83248902752538], [375.513031824564, 197.2535546460434], [335.2614377213106, 198.2699609754715], [381.9786350569154, 249.18104115062908], [418.868167356946, 352.52762563607916], [367.67402979564116, 310.5960091212296], [321.74831890931205, 301.8498741994317], [376.87052280357943, 342.18208774346476], [376.2305718453384, 273.85960526226427]]}]}