{"camera_data": {}, "objects": [{"class": "cube", "location": [231.48313094229394, 59.81132205209265, 356.31312150469597], "quaternion_xyzw": [0.23429996605162406, 0.8671718707988998, 0.18484917214890273, 0.3986818982085961], "projected_cuboid": [[456.7995211906269, 230.97208755387416], [466.73335486314136, 158.6216157514578], [462.3237899774578, 181.35389506572366], [452.01637123568156, 254.58932544532206], [352.1846968319808, 205.8763387954046], [376.5912698801323, 146.09203672692806], [375.97591156376734, 166.6140971212251], [352.50255270483444, 227.32286841052883], [409.31013191803373, 193.15737382643616]]}, {"class": "cube", "location": [305.98846112856063, 212.18462756888755, 518.8551521316558], "quaternion_xyzw": [-0.4825355555247473, -0.5985110111919879, -0.28408136218402197, 0.5729238926733969], "projected_cuboid": [[356.41762892779536, 294.76675212264], [383.82950596026126, 308.7196138046238], [407.6612773527878, 319.8127657194932], [375.8228870628463, 303.7857664058421], [372.2384176676869, 246.59450743371795], [401.97585400309697, 250.51769617547774], [425.3205731884638, 260.4880264870944], [391.3254564039827, 254.84459112736016], [387.95375314663715, 279.07775419511256]]}, {"class": "cube1", "location": [277.1449531594314, 73.65747059542035, 437.8592076740542], "quaternion_xyzw": [0.250769922707673, 0.6269399216358847, 0.4586038281385229, 0.5777052097229785], "projected_cuboid": [[449.87555137559497, 239.69605948477908], [436.4500819497505, 161.68654199337107], [417.63414375376, 170.27415105416793], [428.08386105507554, 244.561269266152], [386.11001029241265, 221.0794840223806], [379.53912239746097, 143.9002920051887], [363.57009365649265, 153.59372161331834], [367.86944610600153, 227.16875573571127], [403.3557265488794, 193.2857190404054]]}]}