{"camera_data": {}, "objects": [{"class": "cube", "location": [87.89740959903918, 99.28439054598098, 223.7864751789284], "quaternion_xyzw": [0.3634568594404156, -0.2005047776943171, 0.3709359865721705, 0.8307246471082901], "projected_cuboid": [[345.999493828817, 245.20971458102758], [285.7932825452936, 198.14729538176567], [243.34654795555528, 215.96790377174673], [309.6040552173122, 257.04799166400267], [394.1259842283997, 368.9122774302786], [332.32707206090936, 352.91245766663775], [273.46286061553315, 363.9688697441982], [346.7925047144088, 376.1957162095109], [317.75790891915574, 291.4476858758698]]}, {"class": "cube1", "location": [165.16011641479878, 260.23529614700374, 450.9971338706665], "quaternion_xyzw": [0.6659640211608766, 0.009009989562559271, -0.5695978674179756, 0.48163161445259406], "projected_cuboid": [[303.92338323632396, 321.6094871940729], [258.1205135373585, 331.26903445075925], [267.00720880196315, 312.439079679777], [312.37535783839917, 299.82138588841167], [360.4178512927622, 372.48589094727924], [304.62626735856384, 374.1165885406077], [311.893622040914, 353.3013616754911], [366.49054745092326, 347.91967342562685], [308.2913131358749, 338.9775848777308]]}]}